push up_1000001.jpg,263.58517,217.60631,-229.14015,266.91254,217.61539,-249.01895,269.22617,216.9749,-248.9311,271.53925,216.37367,-248.90562,260.57257,217.51619,-248.59798,258.4666,216.89801,-248.61002,256.30002,216.3724,-248.54547,276.0022,207.14468,-282.17075,249.44812,208.18237,-280.62628,267.5663,212.68518,-233.57478,260.1365,212.67683,-233.04147,295.91348,193.83694,-246.73962,230.02191,188.51245,-237.98488,310.9996,246.65784,-250.90521,220.3435,239.54549,-242.68736,327.18185,303.97403,-286.07855,194.79181,302.65378,-284.27765,334.1019,314.15692,-321.6823,188.24814,314.36185,-320.35873,328.47537,316.1405,-328.91696,194.38089,316.53207,-328.25165,324.0135,311.42572,-292.19955,199.71823,311.43506,-291.3551,279.4366,147.61362,-0.05133763,245.47365,146.03322,0.08675091,278.6235,215.15941,1.0303673,235.62146,213.17691,8.256196,274.48724,262.943,117.4123,241.40674,263.4758,132.56747,271.84653,265.9436,126.1539,240.03368,266.0921,141.5464,273.85223,290.6336,50.123875,243.36519,291.82425,71.826035
push up_100001.jpg,127.71257,209.877,-75.4487,119.60734,202.62514,-94.1469,119.84243,201.05609,-94.196144,120.08771,199.45941,-94.21997,119.35141,203.64748,-66.95205,119.39771,202.8179,-66.96462,119.44081,201.85909,-66.96631,125.58475,187.93024,-138.56058,124.80132,189.15912,-16.727074,138.456,205.92769,-88.478424,138.4451,207.16255,-52.740505,163.76633,195.14023,-199.95578,176.2332,174.45525,75.14539,164.62123,279.5679,-261.52512,175.86797,246.15596,98.99598,150.66089,361.73834,-244.81067,167.6966,296.61868,44.374275,144.8576,378.75967,-285.9362,163.9253,302.89404,53.975765,147.5388,366.17242,-251.52126,160.16522,308.4402,16.521748,153.48651,362.13956,-232.49692,162.87106,307.0653,27.82563,289.07678,192.51819,-81.12189,285.00696,182.0971,81.13989,363.61072,244.33339,-66.73563,359.38107,239.18399,121.878365,448.63846,297.13336,-19.962257,441.13025,286.58606,182.5734,466.717,300.02618,-19.096256,459.25095,288.7436,187.53264,433.5605,336.1647,-76.85549,426.7112,320.4802,144.19533
push up_1000051.jpg,263.6706,220.67628,-398.95084,267.59253,217.13211,-405.2738,269.92838,216.52765,-405.19202,272.34827,216.08296,-405.1943,260.91156,217.44942,-405.62955,258.67633,217.0186,-405.68527,256.45486,216.63678,-405.6356,277.92297,209.44525,-368.9485,249.93651,209.01065,-370.04205,268.03293,218.07655,-379.08624,259.99353,218.46515,-379.24683,299.81897,201.24065,-276.9191,228.04047,196.34322,-280.27966,314.995,253.47253,-276.1088,212.76776,250.70595,-274.52026,329.30157,306.0367,-341.49387,194.23625,304.4412,-331.80798,337.16568,316.25644,-381.8474,188.48723,316.20963,-370.8019,330.2271,317.7785,-391.06546,194.26611,318.15833,-384.80148,326.25742,313.3739,-349.21072,198.3383,313.66513,-341.00174,285.41013,162.76215,1.0176561,246.67783,157.9393,-1.0815785,283.9388,226.90405,8.76408,235.5569,223.22412,11.007308,273.3347,269.0666,162.64122,237.00365,266.92383,169.7123,269.3946,271.36792,174.63718,239.06346,269.54904,182.84013,271.95914,295.46957,98.000465,243.40681,290.44394,108.43326
push up_1000101.jpg,264.58142,226.26439,-423.01837,268.30212,224.95775,-427.58054,270.69284,224.41985,-427.49167,273.0443,223.91888,-427.54877,261.5679,224.78993,-427.1264,259.2929,224.20518,-427.16882,257.01523,223.75296,-427.10535,277.89786,216.55368,-381.78784,251.71806,213.48299,-379.9327,269.2528,223.64984,-399.80423,260.8108,223.48953,-399.13428,300.03787,202.59566,-287.26602,230.28165,201.19366,-291.56174,316.8125,257.4566,-285.57217,213.50748,253.8885,-288.40952,328.95706,307.16974,-355.52374,194.28612,305.1763,-347.10272,336.43558,317.6893,-397.22595,188.10725,315.6819,-387.86322,330.03665,318.90793,-408.39948,192.98741,317.98657,-399.88678,325.98883,314.7972,-363.99197,197.03943,314.21265,-355.50903,285.4995,170.05983,5.0042024,245.86401,166.04237,-5.0141473,283.68512,225.6222,60.72597,231.23729,223.42403,58.96519,269.6368,260.15442,257.0652,235.20428,256.19348,255.12509,265.51895,262.06445,274.2137,230.23695,260.12036,272.68918,269.26147,283.0958,210.38094,230.22203,283.2431,211.93434
push up_100011.jpg,126.48438,207.78766,-42.81833,119.446625,200.8295,-61.319088,119.76324,199.35205,-61.373486,120.077965,197.81117,-61.392666,119.197525,201.34633,-34.23545,119.33013,200.34138,-34.23626,119.44359,199.19058,-34.23357,125.870964,187.12646,-107.59116,125.45334,187.70586,13.693432,136.67725,204.70929,-56.636177,136.68904,205.59424,-21.048845,163.37717,194.89368,-170.36086,178.3417,175.84991,100.054794,163.54778,278.49927,-228.72578,177.93379,244.1208,127.09563,150.36227,356.58292,-212.67706,168.70836,293.38846,75.86869,147.34697,366.4207,-252.29697,164.9251,298.21603,85.501335,144.71866,364.01685,-217.94168,161.62227,303.06967,48.745106,150.91953,360.98145,-200.1894,164.11708,302.57883,59.855865,292.60205,198.1566,-78.7077,290.0811,187.89426,78.72666,368.2111,246.01457,-45.971226,366.52896,239.16428,123.01009,452.58105,294.90994,13.007433,445.9358,287.31873,192.89024,468.51004,296.37195,15.561083,460.81995,288.28647,199.21796,436.37842,337.01166,-39.86469,428.47845,322.78677,154.28203
push up_1000111.jpg,262.94333,235.36707,-275.95895,266.78793,233.34595,-284.86472,269.40683,232.63588,-284.80774,272.0479,231.91653,-284.84216,259.15475,233.61157,-283.93057,256.43588,233.06148,-284.02744,253.7267,232.60623,-284.05017,276.8625,224.06271,-269.13947,247.4945,219.71631,-265.47028,268.0976,232.12425,-264.6675,258.62393,232.84523,-263.38794,297.46655,204.8569,-213.35909,228.22577,205.42282,-211.47173,317.52243,257.45026,-204.34973,215.60847,255.34317,-199.88318,329.10175,305.09195,-242.5228,194.34598,305.30524,-236.89693,339.07162,315.42148,-272.5967,188.0601,316.94308,-266.29553,330.46225,316.7144,-279.08777,193.25294,318.09332,-273.20557,326.42737,311.93393,-247.72398,197.70035,314.0234,-241.65024,282.9722,177.39557,1.3151563,246.19861,174.66873,-1.5098231,288.27325,218.81602,81.13407,223.7871,223.97557,71.982445,280.25952,228.80592,243.15753,228.20274,226.59254,236.20114,277.2144,227.66466,259.49585,230.05267,224.91133,253.24252,280.13666,244.08186,239.12361,225.78131,239.54659,237.99301
push up_100051.jpg,113.684235,218.44601,-53.339302,107.61761,212.25781,-74.57208,107.72432,210.82603,-74.60332,107.776955,209.34164,-74.60585,107.60709,212.50897,-44.379135,107.72098,211.27704,-44.3845,107.73628,209.9604,-44.372093,113.0561,196.35847,-130.0366,112.20989,197.27292,4.1923075,122.33726,214.45108,-70.50887,122.36482,214.59332,-31.247013,159.13908,199.49265,-197.59125,170.57333,177.60574,99.292885,162.96361,286.13248,-253.54837,176.88754,243.99748,156.48987,150.78046,366.27206,-236.1458,168.57506,281.5487,153.96098,143.80795,384.74826,-272.3181,165.49422,284.1363,170.99406,138.81924,370.1738,-241.54793,161.74461,292.0507,141.88557,144.75989,366.64133,-223.9704,163.49092,291.33258,142.75255,271.12497,220.6106,-88.109726,273.54373,204.3342,88.20047,358.6484,258.5896,-66.0142,360.8408,247.96474,114.77823,448.60617,292.5015,-9.580178,443.86298,284.79834,170.69221,466.94193,292.09802,-6.864412,460.55426,284.23303,174.89719,440.16913,335.92746,-59.224243,435.5882,325.0927,124.96383
push up_100061.jpg,112.573074,214.48766,-18.385126,106.64535,207.79102,-39.324352,106.746994,206.56102,-39.36687,106.7771,205.3349,-39.364555,106.6249,207.71542,-10.4934,106.73952,206.48018,-10.492638,106.74866,205.22429,-10.477616,111.58395,194.09007,-95.99634,110.95595,194.11069,32.142708,120.32447,211.08408,-35.873653,120.62951,210.93369,1.6014513,156.4477,197.71155,-165.94667,171.69208,173.96461,121.25429,161.3428,282.84274,-211.73459,182.71191,235.77347,172.20102,151.34741,366.47794,-183.17693,172.07219,275.36334,164.15761,145.91376,386.43002,-214.97485,168.85574,276.98926,178.76923,138.88753,371.28287,-185.6153,166.64433,278.78323,152.81583,144.63907,366.93375,-170.72018,168.4764,278.8001,154.15694,270.25696,223.30968,-84.91958,273.58862,205.19037,84.983406,357.05334,259.09314,-79.39183,359.38333,244.88426,119.46867,446.0544,290.04214,-42.135105,440.3879,281.31873,172.85448,462.493,288.26422,-40.770435,457.50784,280.99258,177.2771,439.1213,333.11612,-86.28485,433.56113,317.7315,139.09656
push up_100101.jpg,109.93489,224.7881,-23.99841,103.41744,218.75418,-45.533443,103.51161,217.50511,-45.588623,103.5261,216.12727,-45.58699,103.0909,218.98659,-16.888203,103.0006,217.94598,-16.897045,102.82008,216.77573,-16.907803,107.71471,204.03374,-104.16337,106.5458,204.53476,23.043558,117.852104,221.36095,-42.023304,117.60807,221.647,-4.9315414,151.45778,208.10847,-172.01003,163.93753,181.87294,104.60915,164.27661,285.3608,-222.11623,180.65091,232.53471,167.55457,153.08627,362.89523,-198.02576,171.99472,277.6853,177.16261,141.68953,374.09058,-229.8468,170.45027,279.47754,191.58931,134.52925,371.32028,-204.57527,167.25197,284.74072,162.75899,139.56073,367.22668,-187.53725,168.46043,283.73,166.1274,262.62375,236.47133,-84.42621,266.6129,216.91188,84.50891,351.5402,266.18143,-72.20976,351.61685,254.20277,121.650406,442.26404,289.24554,-33.622128,433.94675,279.0161,181.70938,459.3008,285.39307,-31.76333,452.72238,276.34018,186.5913,436.6609,331.5924,-75.3592,429.20227,316.11023,147.13641
push up_100111.jpg,113.534546,207.14665,-9.5908985,106.32297,200.82121,-30.715939,106.36176,199.56581,-30.754019,106.292564,198.35408,-30.74638,106.27966,200.84576,-2.0155272,106.333565,199.66057,-2.0104895,106.25274,198.47858,-1.9926149,110.72714,186.83487,-85.9482,110.705666,187.01546,41.999504,122.279724,203.67363,-26.185404,122.759026,203.76729,11.250515,152.91844,188.15483,-153.53313,171.434,168.35081,129.67014,156.38142,270.5752,-196.2678,180.17984,232.73172,166.8012,150.18875,355.6826,-171.43755,173.62888,273.11664,134.22389,146.15953,374.584,-203.39377,169.34727,273.42053,144.28708,138.70644,359.84222,-174.33759,167.09988,278.33875,117.161095,144.16273,356.17615,-159.25046,168.85768,278.962,123.10153,266.25082,219.79263,-82.90406,271.3236,202.17166,82.9557,352.3081,255.61461,-74.72866,355.76727,244.9134,99.24776,443.8603,289.15527,-28.24085,439.24707,282.34183,139.3778,459.59296,287.3077,-25.531336,456.3998,281.3059,142.28513,440.01917,332.94275,-66.20226,435.75525,321.37408,99.38448
push up_1400001.jpg,252.59222,212.87234,-324.4646,256.42914,210.9357,-329.1669,258.86017,210.63077,-329.09528,261.52878,210.46721,-329.09586,249.81732,211.41809,-329.1043,247.52174,211.06195,-329.13754,245.07742,210.92061,-329.12427,268.18024,204.47882,-289.16553,242.43713,207.06255,-287.6717,256.27576,211.08461,-302.66058,248.55943,211.15388,-302.3024,285.6089,202.26006,-188.75577,223.36719,203.55301,-195.0035,286.17114,255.51004,-153.81615,227.99573,259.86197,-151.49205,282.44696,312.41556,-202.90762,228.18547,315.22476,-179.44028,280.20285,323.32718,-232.28925,232.3589,321.31427,-205.43239,273.28183,323.13138,-243.21677,240.53564,322.1322,-220.63052,272.35373,319.57928,-210.6442,240.80933,320.3884,-187.29143,278.03885,166.8882,1.4682933,240.9244,163.2171,-1.565439,276.43314,239.52293,-5.9653764,216.98416,232.67316,-4.57859,254.07797,290.25262,89.114784,219.42905,285.03925,94.86155,249.01225,293.0039,96.12183,224.25882,291.71246,103.193146,256.52753,319.74948,35.3444,215.82222,308.24466,50.035393
push up_1400011.jpg,254.89935,213.78813,-333.85876,258.48242,209.4705,-337.3379,260.80554,208.8668,-337.25494,263.252,208.56639,-337.24518,252.21019,210.78603,-336.17538,250.02934,210.92714,-336.18542,247.78868,211.17523,-336.14645,269.36536,202.54417,-296.71063,243.18228,205.96693,-289.5549,258.77,210.54088,-312.61835,251.57286,212.31345,-310.62076,287.81766,200.84068,-195.5816,224.10736,200.36177,-196.33914,286.5905,256.0239,-164.1191,227.7738,257.09192,-161.70996,280.2461,313.45914,-211.27611,229.99567,312.20532,-197.71983,279.6193,323.47708,-240.40773,234.61362,323.40656,-224.54657,271.4204,322.8156,-250.23196,242.804,324.36243,-239.06332,269.57263,319.42175,-218.42056,243.33769,320.25958,-205.63293,278.49338,165.20938,-1.2951347,239.61449,164.14096,1.2305434,279.46927,238.64525,-12.397599,234.35051,234.40904,2.4492786,262.00677,293.29736,85.44808,224.31877,291.90463,98.98767,257.24344,297.5925,92.23186,228.64438,298.46808,106.562485,261.49445,324.27438,24.786242,221.87642,317.21637,45.80907
push up_1400061.jpg,254.49521,223.99979,-317.869,258.57953,221.36385,-319.73132,261.05832,220.66383,-319.66486,263.79163,219.39345,-319.67474,251.54329,221.00499,-319.9064,248.90451,220.23126,-319.9481,246.2911,219.63855,-319.9261,269.2891,211.63512,-272.26517,241.0817,214.27037,-272.19016,258.56784,220.83392,-294.44525,250.03748,221.41566,-294.3057,286.60193,207.82788,-173.1218,219.30656,209.15141,-188.90228,289.24918,257.46408,-140.9857,222.01796,262.7028,-146.78577,282.0881,311.90485,-194.84798,227.74945,312.01572,-177.99493,281.4,322.15283,-224.00859,232.34186,319.71915,-205.54605,273.88565,321.19806,-236.48505,240.72961,319.98315,-219.35204,270.9451,317.27783,-203.37909,241.17613,316.997,-185.26845,276.81656,172.51994,6.255569,239.1011,169.51122,-6.3420534,280.06775,234.05702,48.275124,210.3971,243.99104,21.661568,258.35333,263.30386,188.60928,222.00034,260.6592,175.49306,253.53621,263.91318,201.15526,226.48022,260.55756,190.45418,256.61862,284.74695,161.50021,221.83301,276.6888,160.65205
push up_1400071.jpg,257.22226,212.02657,-393.3111,261.1695,209.33578,-394.51242,263.59305,208.91168,-394.43433,266.13394,208.42691,-394.42407,254.67825,208.7915,-393.9073,252.37083,208.08492,-393.9402,250.06148,207.50896,-393.88467,271.63022,202.18843,-335.10684,242.02917,205.37378,-331.75125,260.9198,210.65607,-364.9743,253.72993,210.49301,-363.98743,288.60742,202.30922,-221.46436,226.0929,200.75377,-228.84319,286.65643,254.07231,-190.344,225.50192,257.254,-189.6972,280.09686,312.90683,-253.13206,229.04486,312.61325,-228.83868,280.39307,322.94196,-287.81955,230.15698,319.36316,-260.3649,272.7635,322.0864,-301.3508,239.2667,319.94754,-277.82986,270.22385,318.00864,-262.5234,242.40729,317.46255,-237.96437,279.2414,164.58687,3.3768165,241.87033,157.8503,-3.4971504,285.75092,223.28741,86.28294,215.88919,225.08017,36.49627,267.29733,249.49565,265.3498,228.22746,241.04637,256.72998,264.16327,249.055,282.05707,233.81549,237.34346,279.34595,261.77338,271.8922,244.51031,226.09312,257.77707,260.57062
push up_1400081.jpg,257.90518,215.4834,-342.05002,262.16837,212.27174,-344.22583,264.63785,211.66219,-344.15048,267.23605,211.20306,-344.1504,255.70253,212.28479,-343.99957,253.34456,211.7817,-344.03772,250.87083,211.33502,-343.99423,273.2104,204.19098,-293.55923,246.18636,209.49585,-291.23395,261.91507,212.44044,-316.9348,254.26048,213.72968,-316.1489,288.0053,203.3538,-187.68213,225.11067,199.4868,-197.44989,285.66977,254.55855,-152.98854,226.66878,256.79178,-153.2063,280.25998,311.2448,-206.71504,228.15686,312.13223,-188.57741,279.73703,322.2724,-237.73055,232.22446,319.86566,-217.28474,272.50262,321.92563,-250.83916,240.8242,320.85458,-234.58066,269.6489,317.90164,-215.5213,242.84517,317.76895,-197.4185,281.52655,163.82811,3.7610512,245.03465,156.69037,-3.8447816,285.76065,227.53186,32.232327,212.18376,229.37927,4.4892726,263.63025,264.35867,169.21564,225.6607,259.30466,162.74257,259.19302,264.94217,180.78578,231.11212,260.5393,177.93414,259.14874,290.83426,132.4681,223.10081,281.20718,142.53258
push up_1500001.jpg,375.4156,152.82089,-127.22281,383.7655,142.05284,-118.7439,384.08502,141.06703,-118.85279,384.46622,139.90953,-118.9863,381.4369,140.28648,-143.72821,380.0029,138.22902,-143.80846,378.56534,135.95601,-143.8172,371.431,127.316376,-71.29656,366.3042,122.993484,-181.20912,365.0131,154.38583,-106.0839,362.57016,150.36945,-137.8927,322.93973,148.20763,-9.322818,296.77795,111.52539,-202.38239,298.19537,218.17415,30.76164,247.38942,196.67302,-201.18849,296.01025,276.5838,-5.0296993,247.01823,283.0309,-199.79443,306.94562,285.0511,-14.558565,253.48813,296.27002,-233.28423,304.81445,285.91483,-38.292828,260.82034,295.72177,-223.03232,298.4044,283.6231,-16.597952,259.065,291.7206,-197.36818,207.96524,186.83658,53.561848,187.71211,164.014,-53.45115,146.20157,226.38083,137.14043,119.83401,216.02806,35.839767,85.11149,234.06621,244.75925,58.204407,237.45706,142.18468,73.213036,228.04681,254.8696,43.1881,235.13266,150.0189,84.83388,270.55127,238.67444,60.845848,276.3841,113.10767
push up_1600011.jpg,383.8153,209.22145,18.084164,390.21515,204.5997,28.961948,390.4556,203.50766,28.93005,390.81638,202.25449,28.938705,390.08173,203.85844,0.81474304,390.19534,202.228,0.80289453,390.40277,200.45369,0.7509093,388.28693,189.15659,82.276474,387.40945,188.65671,-45.22191,377.51266,205.85558,40.351147,376.74866,204.51202,3.2204857,340.53033,183.45508,152.07947,348.7128,175.98105,-111.222275,305.03546,228.46571,199.76947,335.1685,227.59926,-183.22098,315.57205,273.17206,150.98718,357.80148,284.44846,-202.3942,325.01227,277.11078,150.12115,369.73853,292.76898,-231.95114,328.31168,278.09726,126.87911,373.99023,290.70978,-214.83728,325.651,277.09842,138.92169,367.72726,288.16306,-195.65814,248.32684,208.35962,74.044846,248.75093,201.38017,-73.9148,179.93333,235.81747,50.748844,174.40498,234.59296,-109.5677,96.4886,239.33778,68.77562,88.937904,247.79654,-118.60468,81.32508,233.84642,67.89642,73.91155,243.60684,-122.959045,91.41681,270.32248,23.895153,91.97697,286.74203,-185.45288
push up_1600021.jpg,379.85928,160.85905,33.97253,387.50757,155.5531,42.194424,387.57693,154.77348,42.17693,387.75113,153.86258,42.1743,387.57758,154.59029,20.937433,387.66748,153.16547,20.921207,387.831,151.51376,20.872097,382.67242,141.74097,86.54634,382.636,141.05748,-9.89659,371.91846,159.36371,53.028343,371.244,158.20976,24.712637,326.3517,152.56444,149.1766,350.69067,146.11024,-67.87349,316.56854,215.18236,174.70149,349.8122,217.57333,-105.40751,319.2274,273.92966,152.26369,357.43228,282.58115,-98.38884,329.70316,279.69662,157.60382,368.78574,291.62878,-119.41562,332.15723,280.53748,135.58287,369.8835,290.6071,-99.00795,329.5198,280.29486,141.93675,362.4981,286.69693,-90.38477,238.746,183.11765,62.244724,245.30182,183.04791,-62.21042,174.20946,224.77785,52.71112,169.72589,225.76778,-86.60825,88.87969,233.39755,67.4399,80.54867,247.50645,-87.65219,72.11813,228.08183,67.03413,63.526455,244.46956,-90.289764,83.36802,265.96277,33.4364,85.29293,291.74698,-142.78374
push up_1600031.jpg,375.68994,155.7425,30.114405,382.50903,151.26653,37.48372,382.57266,150.555,37.4634,382.76544,149.64783,37.45483,382.44913,149.5188,16.247509,382.45544,147.76907,16.230742,382.5919,145.77057,16.184855,378.76038,137.60767,80.141174,378.76346,135.1311,-15.978538,367.5127,153.78973,49.142384,366.90594,152.36803,20.918411,324.9748,145.99272,145.54599,345.74185,140.69226,-70.7533,318.15915,209.8254,163.85274,350.49985,211.24225,-104.94657,317.59195,271.3502,134.19252,356.8839,276.68213,-86.126686,328.55756,280.41483,139.85207,367.5975,293.17908,-104.36797,329.65985,281.47498,118.36049,367.90515,292.79028,-84.1396,326.7671,280.2912,124.19815,359.45642,288.50787,-77.770386,233.62636,176.79314,67.10565,237.39117,180.02545,-67.11218,173.94736,221.30153,113.84724,159.12343,226.10397,-75.86778,99.24552,236.1076,166.50432,72.358635,249.3625,-87.30063,84.09343,236.98705,170.41016,53.747177,246.83163,-91.320114,111.467674,266.78418,153.97823,76.106514,293.15805,-138.31874
push up_1600051.jpg,369.18286,157.25887,32.998344,375.66022,151.6305,40.08108,375.72443,150.59071,40.06021,375.894,149.3094,40.055397,375.6769,150.55083,17.643677,375.76047,148.89719,17.620193,375.96964,147.06363,17.56901,371.15756,136.49234,83.060745,371.5002,136.38908,-18.198982,360.82108,154.90706,51.913902,360.00876,153.87004,22.201807,315.4709,143.32855,149.64687,335.6634,144.31868,-78.40011,305.2414,209.46126,170.90637,338.80658,219.46602,-113.710266,307.8851,277.4009,143.81378,341.87787,293.043,-94.34673,321.41034,283.06393,149.88403,356.51526,300.659,-115.17743,323.07828,284.0721,127.65227,358.20715,299.24536,-92.58179,318.97418,284.8977,133.08322,350.34155,296.39603,-85.42359,217.969,175.58064,67.89296,221.98743,179.40253,-67.827705,151.05617,227.21439,70.28556,143.1578,229.46527,-69.186844,59.560432,238.46188,86.55412,46.170532,253.48117,-62.375122,43.281826,233.55049,86.18341,31.148571,248.8032,-63.951996,52.556633,279.36493,55.202644,52.04088,297.72205,-108.42809
push up_1600061.jpg,367.03067,180.24222,15.858174,373.92694,172.86922,23.115135,373.96112,171.65051,23.094193,374.0799,170.2253,23.092655,373.83606,172.08232,-0.78035605,373.78824,170.33887,-0.8060827,373.82068,168.33557,-0.8341361,368.08917,156.4694,68.70108,368.16626,155.89981,-38.778084,358.52985,177.29799,36.012455,358.0672,176.18752,4.51223,307.6009,161.49,137.75089,322.45206,154.26443,-92.93756,285.77438,225.55681,171.14464,319.78058,228.83472,-131.41193,295.54108,282.27542,132.98459,334.33405,296.53186,-121.81642,307.39752,286.53284,134.59059,349.0129,305.55768,-144.15561,310.4466,287.38907,111.18456,352.08936,303.97772,-124.432686,307.61844,288.21396,121.390114,343.80283,301.1198,-113.64984,208.08551,191.86836,65.41642,209.2178,190.31398,-65.312935,135.03273,233.94806,91.98285,128.8914,238.06949,-79.920815,48.786964,244.25105,133.4866,26.627525,256.1674,-87.28697,30.220371,238.00667,135.54688,9.804497,252.99533,-90.93155,41.351524,286.39062,106.54424,34.630653,300.67523,-139.32097
push up_1700001.jpg,186.62003,119.63295,-407.46857,187.06766,101.69635,-414.54083,191.25499,98.74076,-414.64243,195.46693,95.63435,-414.8623,177.53537,105.08169,-400.69934,175.03383,104.335815,-400.82047,172.46318,103.58311,-400.97632,211.0484,81.5166,-393.02246,178.85805,93.121124,-334.0681,203.7966,123.3545,-393.2,190.639,127.61059,-376.05875,302.67618,94.02796,-371.40137,188.75348,135.67125,-261.44968,358.15314,233.8551,-403.65222,180.84135,252.24092,-236.7342,359.1653,369.65793,-428.92853,172.66718,347.02026,-275.7381,371.66916,386.57394,-485.71265,163.12723,353.47717,-306.57553,348.403,391.4699,-478.89978,169.68904,362.3253,-334.2968,342.04153,385.72037,-432.00903,174.57678,356.44736,-290.8626,343.7667,181.42744,-42.219444,292.4496,201.44504,42.355835,353.91058,251.872,134.9268,308.61453,254.24513,232.86403,381.0613,265.92725,388.74728,317.08948,274.08383,464.3571,387.68036,253.7286,411.47702,345.25708,260.19083,487.87067,382.4989,304.57617,373.7337,329.1751,299.61252,442.64218
push up_1900041.jpg,350.55927,36.01346,-42.20433,358.37402,31.250664,-36.47153,358.48538,30.277866,-36.51696,358.65143,29.04972,-36.566032,358.20166,30.093443,-58.227127,358.15707,28.473263,-58.267426,358.17523,26.4788,-58.294033,354.9832,14.115418,2.8280425,355.02286,13.449097,-94.35092,341.66223,31.719498,-24.056671,341.35046,30.57663,-52.389378,315.75632,8.955659,65.47721,317.90695,9.896717,-135.44502,300.40012,67.83804,76.956795,304.32498,80.996025,-166.2894,298.55484,123.39683,27.048267,304.8439,151.5008,-148.06476,309.61237,137.4771,21.832575,319.46188,161.06346,-174.88596,310.393,132.17545,-1.6148309,322.8166,157.48282,-157.53036,306.3292,132.06412,14.3255825,316.2531,153.3653,-142.33406,205.6814,28.77576,63.021984,205.43083,39.19873,-62.914883,144.79837,80.051765,87.36767,133.9897,87.71424,-36.460274,59.13553,102.82144,141.17004,46.526382,110.39878,-10.301387,41.033535,100.67699,144.55466,29.303528,105.21403,-11.58669,60.211758,141.77641,117.64159,46.65251,151.18105,-62.531506
push up_1900051.jpg,355.84836,41.126896,-19.071802,362.50513,36.098804,-10.609029,362.48093,35.207577,-10.65332,362.51907,34.090294,-10.680139,362.25266,34.66657,-35.90817,362.0318,33.00904,-35.943047,361.86777,31.008095,-35.98155,357.72766,19.731163,35.31304,357.09576,17.335375,-78.26733,346.5592,37.415604,1.1160628,345.97314,36.0453,-32.056328,313.94003,19.096678,101.21126,315.68616,9.944156,-129.59512,294.22223,76.77187,117.48181,302.6535,80.47909,-168.55647,296.5708,134.84251,61.92966,304.85352,155.50026,-160.26506,308.85413,139.28796,58.09115,319.72202,164.04501,-189.87195,311.8765,141.02739,31.207895,322.5027,159.02745,-170.75365,307.28244,139.89508,47.84033,316.72812,155.98407,-153.62561,209.45782,40.207687,71.772316,206.52791,41.64135,-71.63557,138.69902,81.81646,77.051254,132.42168,90.10873,-65.35279,53.151356,101.49008,110.21941,43.53205,111.10709,-54.966595,37.100685,98.166435,110.89162,25.785713,106.65376,-58.022434,57.525917,141.36403,76.75908,47.655445,153.73506,-114.03218
push up_300121.jpg,110.83321,204.12581,-18.324614,104.588615,196.71341,-38.48726,104.77844,195.4112,-38.53237,104.94131,193.96097,-38.5227,104.36899,196.88335,-10.466642,104.44434,195.75441,-10.467102,104.47758,194.43497,-10.443984,110.827934,182.4187,-91.79158,110.36162,182.0583,32.240376,119.073784,201.68468,-34.689934,119.41192,201.90378,1.5820879,156.08841,193.5839,-158.87805,172.52057,171.49945,116.55344,159.41861,276.24734,-199.29208,182.04047,234.1869,154.7572,148.14374,357.00793,-182.96436,171.50662,279.24225,129.7732,149.4231,365.05966,-215.30605,167.72383,281.42935,139.67259,141.86671,361.45282,-188.45137,165.783,283.41187,109.56749,146.78271,358.15448,-172.07367,167.2514,283.86826,117.34403,262.4389,231.43219,-82.08013,269.46887,212.07562,82.09904,351.61383,263.8977,-76.43526,355.07242,249.32385,96.1475,444.42212,290.73322,-39.585297,437.3762,279.65906,133.97829,460.2781,288.20993,-37.99859,455.88794,279.6784,136.60081,437.46774,332.97507,-83.30857,433.187,320.3757,95.75615
push up_3600011.jpg,129.09981,156.10863,-213.62268,123.14178,148.27249,-226.14717,123.79479,146.72276,-226.16988,124.475266,145.18198,-226.21771,121.682365,149.37364,-207.35692,121.229485,148.58186,-207.42023,120.72723,147.59184,-207.47473,134.24347,133.61378,-242.3325,129.69537,135.19955,-159.0773,139.2141,154.09567,-215.85422,137.17136,155.87288,-191.5785,198.30302,139.20229,-250.07234,160.01547,138.30637,-84.01904,210.77303,217.52782,-258.20398,171.19498,198.94435,-44.44247,214.31105,290.7016,-262.96637,168.61969,257.92896,-74.86762,205.56075,300.64374,-298.12833,157.77061,265.47607,-84.68609,198.52237,296.22693,-291.91296,159.08578,266.95895,-109.35074,200.53485,292.25977,-262.3688,164.56447,265.35187,-86.58753,282.01672,169.32498,-48.099754,257.78998,172.83888,47.924534,323.25055,208.92812,77.17668,303.328,214.91713,182.65242,369.88217,217.57071,222.85309,353.25473,221.9371,325.34113,381.89804,212.55656,236.03108,362.39386,217.3767,340.35886,366.69687,249.48384,209.30936,353.96072,247.12715,329.0602
push up_3600021.jpg,122.899536,160.25362,-190.97621,117.723495,151.36536,-203.08878,118.628395,150.29291,-203.11983,119.57402,149.06772,-203.166,116.1171,152.0177,-184.55812,115.98965,151.37033,-184.60431,115.88931,150.59622,-184.66034,129.34258,138.85854,-221.3863,125.592316,139.50488,-139.7342,133.79301,159.24667,-194.29358,132.31038,161.48332,-170.48956,195.19235,142.45644,-230.23483,160.54881,144.8562,-68.710396,215.05777,219.85808,-235.41936,169.914,202.09338,-32.701706,214.06467,291.81198,-238.2646,168.22527,260.6213,-61.80677,205.574,302.05682,-272.01312,157.11317,267.31647,-71.82061,199.10268,297.82233,-265.07773,159.02734,268.76346,-94.804474,201.12044,293.82578,-237.1426,164.71233,267.17468,-72.951675,275.65924,170.85146,-46.26069,252.78534,178.07571,46.10533,321.26486,212.38817,64.82105,301.69653,218.06245,165.90944,370.89005,218.05347,197.62596,352.664,221.97086,298.11337,382.7596,214.00902,209.40605,362.6829,214.72296,312.0913,369.2739,249.1519,180.34703,354.1891,247.7577,298.228
push up_3600061.jpg,119.44331,161.58095,-179.4578,114.47093,152.10757,-190.92848,115.37672,150.92982,-190.9619,116.36145,149.64224,-191.00784,113.04903,153.15906,-173.30743,112.93389,152.53102,-173.34654,112.7659,151.72623,-173.40009,127.726524,138.90887,-207.77585,123.704994,139.63216,-130.26027,131.41066,160.95135,-182.40291,129.5855,163.31715,-159.79504,195.33202,145.37996,-214.98676,159.86565,147.44687,-63.908573,218.64162,221.56018,-217.18977,170.11633,201.8215,-26.586378,214.65552,292.06396,-216.50023,169.40134,260.10745,-50.636467,205.66623,301.59866,-247.73569,158.093,266.46582,-60.15046,198.92941,296.84796,-242.09734,160.48541,267.66696,-82.39399,201.27573,293.16367,-215.61711,166.78473,266.50348,-61.314198,272.80817,173.34178,-42.004932,249.51076,181.13054,41.85643,322.66556,212.14763,59.23595,304.4153,220.4081,147.27623,370.45383,217.36903,177.7973,352.19183,222.94377,265.04828,382.03278,212.92409,187.93979,365.8117,215.95413,277.4985,374.2371,249.73859,157.59233,359.83975,244.92873,262.11996
push up_3600071.jpg,128.1656,155.53033,-206.89928,122.22287,146.195,-219.8087,123.0877,144.83487,-219.83319,124.010864,143.43738,-219.88109,120.77597,146.94304,-201.12419,120.56426,146.09288,-201.18124,120.30827,145.07431,-201.23833,134.2228,132.48534,-237.80627,130.20721,133.45761,-155.12033,137.94986,154.3731,-209.75557,136.55997,156.17104,-185.66628,200.2975,138.72627,-243.9726,161.71333,141.54129,-82.37665,214.60432,217.93729,-250.08273,168.64555,199.94669,-47.044765,214.079,290.8534,-254.53458,167.82509,259.27124,-76.52403,204.12154,301.54016,-289.52115,157.03822,266.84677,-86.440865,197.77016,296.858,-282.61426,159.6113,268.19434,-110.79163,200.27821,292.54877,-253.69449,165.31432,266.66,-88.07107,278.87643,170.5128,-46.813366,254.53491,175.14482,46.638103,324.04672,213.05031,66.18892,302.77142,217.00826,169.8385,370.73026,216.39067,200.96188,355.09866,222.31432,303.89566,382.18735,212.35062,212.9047,364.23785,216.06113,318.0626,367.81693,249.89796,184.81088,355.02856,248.25851,303.86136
push up_3600111.jpg,113.25309,180.41183,-174.68272,107.91731,171.57762,-186.36401,108.82339,170.31946,-186.4137,109.75505,168.94781,-186.47801,106.37293,172.437,-168.27951,106.20917,171.7328,-168.31781,106.02812,170.91264,-168.35652,119.852325,157.17786,-203.89606,116.033005,158.56795,-124.0531,124.04011,179.33594,-177.728,122.73156,181.47064,-154.51443,179.36888,158.96114,-212.27829,153.74078,165.16072,-54.535717,222.51231,225.90369,-218.63193,171.50505,210.54663,1.7632084,213.92587,292.77075,-225.41061,167.99786,262.03387,-7.7511315,204.58095,299.93936,-256.92294,155.95633,268.0958,-14.425791,198.79848,296.8716,-251.52142,156.93564,269.92746,-37.355766,200.78662,294.1675,-224.52315,162.51863,268.7248,-18.352016,267.64645,184.5751,-45.33027,246.09941,194.26547,45.216553,322.47104,216.04198,65.36392,302.72424,225.75996,162.12114,368.13998,213.87543,190.00569,350.9015,221.3313,290.2379,378.16943,208.01859,201.08041,362.8921,213.11797,304.3093,373.62723,244.03676,171.759,356.57382,245.52563,293.017
push up_3600121.jpg,123.11275,155.35805,-196.80931,117.991974,146.0333,-209.03072,118.93472,144.87598,-209.05887,119.87382,143.71971,-209.10263,116.36786,146.55537,-190.49919,116.209076,145.80994,-190.54926,116.08566,144.99025,-190.61168,129.63495,133.95583,-227.15804,126.42543,133.96094,-145.44832,133.46854,154.99277,-200.05635,132.04326,157.10118,-176.24335,197.22058,140.35144,-234.95122,160.46977,141.53822,-73.91883,211.82808,216.95732,-240.01059,168.6654,200.38982,-38.22349,213.32242,290.02194,-242.21606,167.72548,260.30194,-65.9951,204.60298,300.863,-275.7915,157.17715,266.963,-75.84129,197.53398,295.85202,-268.73807,159.83554,268.52075,-98.69984,199.65118,291.2056,-241.1087,165.3027,267.32306,-77.05846,275.814,170.72417,-45.49783,252.05415,176.68175,45.32006,321.7373,211.34605,70.14496,301.13318,217.65575,168.2757,368.81027,216.85513,205.55267,350.86978,222.75743,303.13416,379.48596,212.0618,217.557,359.19583,217.76065,317.3901,369.4998,250.19875,187.84315,350.999,248.13002,303.5238
push up_3700031.jpg,247.40433,56.83033,-217.19229,261.29633,49.352306,-241.19803,266.16644,48.341557,-241.0956,270.77893,49.500614,-241.08115,238.52296,50.693905,-237.8405,241.82465,47.653717,-237.80412,226.97505,51.995476,-237.7246,277.28848,43.305073,-276.52246,217.8402,39.006996,-262.6852,261.36557,43.364857,-221.51344,246.3733,40.89761,-217.53473,310.33005,29.003954,-220.31084,185.8554,24.368383,-222.87367,326.48526,108.432396,-188.66933,153.2295,101.547424,-193.29602,323.50043,192.01169,-217.95888,163.95914,191.84753,-218.19499,334.67853,215.80052,-253.48268,152.01018,214.8189,-257.32178,318.07468,215.27356,-265.85318,166.74297,214.11055,-271.4097,311.04373,206.40724,-225.72739,174.72574,204.94492,-226.83797,282.81854,-62.714935,0.4301443,217.0325,-60.282085,-0.3445148,285.2472,35.149506,78.66902,209.6186,34.512386,77.376625,270.37177,62.160305,298.14716,210.78975,63.55339,284.98434,274.59818,64.089584,319.23947,204.37083,77.2441,306.35672,280.30695,92.339035,285.7052,204.27269,103.25097,273.43976
push up_3700071.jpg,251.78447,36.606472,-490.8716,257.17856,37.090797,-511.29547,262.21735,36.436462,-511.19083,267.09802,37.060913,-511.24072,243.53583,35.172134,-506.7722,239.28163,34.636288,-506.798,235.22441,34.725655,-506.7254,277.07346,29.603477,-494.48776,218.30133,24.72712,-474.6962,260.39804,35.54999,-472.402,239.06523,44.399307,-466.73264,310.60312,22.506786,-375.00024,186.14038,16.879635,-368.35025,324.3134,108.07303,-338.16876,160.3286,100.59528,-340.4341,323.36047,193.29182,-401.45728,164.38245,191.16231,-404.52505,335.42572,213.63322,-454.26468,154.16553,211.10577,-461.0837,318.03665,215.40126,-470.87445,166.40599,211.34354,-477.41708,311.13528,209.08905,-412.59546,172.80722,204.32748,-415.93802,282.94934,-46.387283,-0.18483949,219.57227,-48.776276,0.3946901,291.30606,40.865196,121.669174,212.19028,42.052418,123.61323,277.52466,62.45477,430.27176,207.03186,65.363815,423.6203,250.37447,67.406654,460.32822,207.98264,66.0758,454.49365,259.59604,92.20407,405.64542,206.17824,91.37945,408.27332
push up_3700111.jpg,258.45557,18.090267,-249.76138,259.72842,18.037706,-260.57166,259.93793,18.496864,-260.52588,260.1434,18.942698,-260.61517,258.867,17.462435,-258.2328,258.1806,17.454935,-258.2271,257.49026,17.449667,-258.16895,258.14438,22.257248,-250.66129,255.73099,19.570932,-239.94046,257.15796,19.527477,-238.5539,255.24797,18.87934,-235.9054,253.71065,34.25817,-177.572,251.45105,23.186243,-172.24875,246.95088,65.35545,-99.4582,251.83102,41.120968,-80.796715,252.34442,76.34173,-57.2138,254.03143,55.020443,-33.42478,255.18977,81.249115,-62.896076,253.70753,59.727013,-39.677654,255.9529,77.553085,-69.943504,253.53633,58.567814,-47.178146,254.6382,75.65486,-58.89952,253.65231,57.943726,-35.18063,250.3769,0.5405751,-2.2109046,249.33128,-5.738392,2.2581642,238.5015,46.3805,119.25574,244.78105,34.323692,138.48994,232.99446,72.72861,288.9654,231.19885,65.56624,303.2291,233.7807,75.00772,306.73325,228.60204,69.67703,320.10852,227.89366,84.31126,283.57205,226.12675,77.620514,296.4092
push up_3900001.jpg,240.84402,178.06169,-166.6468,247.31589,186.26184,-185.56613,251.78899,185.90448,-185.54718,256.6484,185.19864,-185.59773,236.2091,186.29587,-187.89563,232.48537,186.19296,-187.9501,228.46237,186.03989,-188.03401,265.96735,174.1954,-218.42569,218.48622,174.19716,-229.66585,246.81238,165.89653,-170.80685,235.13098,167.00171,-174.2987,299.92126,126.55901,-199.0733,184.45181,147.56229,-214.9414,305.26343,210.01132,-184.85196,164.36874,201.99246,-182.91882,303.73218,275.3749,-217.42833,165.80704,270.83597,-201.7748,314.92477,298.11163,-246.62756,158.45149,296.96692,-232.81807,297.78568,295.60403,-257.6703,170.30415,293.7595,-236.45938,291.2921,287.86417,-223.47115,176.44827,284.1057,-204.93358,267.73932,47.57447,-8.008396,208.49298,47.32355,7.572677,267.3003,38.814335,205.49684,193.62854,46.04006,218.23291,252.9111,25.271524,415.4986,222.41223,25.936008,427.74933,252.95804,18.726295,438.27368,225.28363,19.667147,451.0193,253.04773,36.33258,442.32144,221.83345,39.9204,460.38095
push up_3900071.jpg,239.76227,173.34004,-127.01839,246.29416,182.42871,-145.52736,250.82278,182.16858,-145.51207,255.76715,181.47095,-145.56128,235.01604,182.08432,-148.03328,231.18227,181.90121,-148.08105,227.07843,181.68718,-148.17096,265.51926,169.77577,-186.9682,216.76541,170.94113,-198.41998,245.48415,161.4165,-135.0524,233.81679,161.72862,-138.53194,299.46695,125.2247,-174.25198,172.79561,129.48065,-191.47841,302.12997,208.36237,-166.55074,163.502,199.68718,-160.25327,303.1885,274.87335,-199.6248,164.6937,271.99774,-181.95074,316.4581,297.15665,-227.56021,157.61386,298.40546,-213.31912,298.39117,297.1388,-238.57277,169.50034,296.77914,-216.73607,291.2826,288.13702,-205.50697,174.97571,287.25436,-185.0909,265.67865,37.7938,-5.9533844,205.78842,38.02421,5.5150285,272.68924,53.804684,202.00304,190.58383,61.35123,211.37108,253.95804,32.030067,423.9583,216.45999,37.720226,428.06665,254.32512,26.697683,447.67532,218.782,29.27446,451.53967,262.44373,51.036934,457.80423,212.43501,46.5705,466.08914
push up_3900081.jpg,237.71625,173.28459,-136.95053,244.50563,182.4979,-154.99875,249.0523,182.30676,-154.97537,253.96768,181.70631,-155.02203,233.21588,181.98497,-157.95772,229.41438,181.77005,-158.0001,225.29692,181.5629,-158.08163,263.4443,170.12796,-192.98515,215.17584,171.05957,-206.6532,243.1711,161.17476,-143.74474,231.93628,161.80032,-147.83492,296.92078,123.33971,-177.39691,169.7425,129.01309,-199.1144,302.86548,207.003,-170.62883,160.39688,196.42445,-164.9723,303.53372,275.21402,-204.377,163.3287,273.13324,-182.97583,315.42252,297.44617,-232.36523,155.79944,300.42386,-213.96796,298.76462,297.06735,-243.06519,168.68526,297.7399,-217.42554,291.3181,287.44012,-210.15872,173.99538,287.55063,-186.12758,264.3164,40.627693,-5.673917,203.81737,38.91318,5.2260914,273.41513,53.19336,206.61302,191.53433,60.86869,213.13881,257.06647,38.97689,426.4385,216.34048,39.288795,430.45276,256.20325,29.285769,450.14575,219.22429,30.715286,453.93842,262.2071,51.527107,458.98642,213.57634,47.797592,466.35605
push up_3900091.jpg,237.10428,198.80173,-158.1783,242.6988,207.54668,-181.11388,247.0275,207.0119,-181.08934,251.639,206.32092,-181.12741,231.56517,208.52621,-182.78384,227.64305,208.72565,-182.83821,223.38773,208.85114,-182.9191,260.37604,195.31636,-221.50926,213.54149,197.15047,-230.51247,242.60756,186.78462,-164.17926,231.52142,186.78606,-166.76266,300.62628,144.56734,-206.5432,166.78917,147.40118,-217.31769,313.4143,209.39647,-184.87689,158.70695,209.89252,-185.65051,302.7322,276.7157,-217.10168,164.63562,276.9732,-216.66379,312.4201,296.05707,-248.73845,156.57481,302.08173,-248.5607,297.16254,295.26505,-260.5205,168.45802,298.81088,-255.95335,290.00104,285.81726,-223.78311,174.75027,287.81747,-221.51929,261.3095,58.02759,-9.589204,205.44504,60.681778,9.162932,251.18434,43.632587,220.20267,215.86331,46.28895,229.7565,246.9516,16.909348,422.95343,221.45357,24.919037,442.90198,237.0911,-1.5801483,444.79938,223.56174,21.43298,467.18353,243.04312,37.79942,448.1623,222.63332,46.20704,479.77432
push up_400121.jpg,118.6864,200.35287,-9.196909,112.109085,192.69324,-28.09042,112.43055,191.40778,-28.126665,112.73619,190.05547,-28.119074,111.90293,192.90926,-1.8331567,112.10454,191.83708,-1.8402889,112.242004,190.63644,-1.8321396,120.047035,179.81374,-72.96894,118.97971,179.79231,42.78815,128.02596,198.95909,-22.340166,128.34172,199.39873,11.666279,161.48003,191.71503,-130.58806,176.71631,170.4062,123.68284,179.82278,273.3141,-157.02403,193.47739,234.44635,148.01753,172.35661,346.046,-135.8398,185.32025,289.48682,101.32947,161.62271,355.3165,-165.66643,179.59822,289.8429,107.748,157.70572,352.4897,-140.08519,177.08118,292.20065,76.34197,161.8172,349.96286,-125.83114,179.5505,293.52524,87.32952,277.77032,216.95183,-73.041626,280.09988,200.47256,73.07668,364.32953,254.72177,-78.12205,365.7656,242.75607,79.621864,452.22632,292.65244,-55.377834,446.13876,283.5664,101.4666,468.2305,290.66052,-55.859787,462.3974,283.0454,102.256744,444.74252,337.54974,-100.76618,439.98373,325.0031,62.404488
push up_4100001.jpg,174.15845,133.46873,-301.8215,173.5301,123.42642,-304.7812,175.65504,121.52147,-304.82422,177.89755,119.44035,-304.90842,167.99466,126.36554,-293.33563,166.38033,126.54166,-293.40515,164.85666,126.57707,-293.47882,188.27191,110.00838,-281.1397,169.56612,119.12782,-231.64346,184.23465,136.26653,-290.0094,178.06429,139.5521,-275.54614,238.978,124.81996,-262.06503,178.43236,148.74739,-166.83925,275.33377,207.45435,-281.8167,175.11517,217.8426,-155.85739,287.75272,283.89545,-304.26953,162.61165,283.38742,-204.96582,290.04703,296.77853,-339.18842,151.63112,289.06644,-224.42912,281.96338,297.37283,-340.38754,154.81587,292.13077,-245.77197,280.50446,293.13913,-307.06625,160.43353,291.10352,-216.85815,275.2822,193.8695,-35.228535,245.49788,202.57623,35.172234,297.76123,230.21477,124.09018,268.32693,236.85448,191.39531,310.54727,251.43279,309.9649,299.6596,249.51114,370.5786,314.50754,247.68867,326.34274,303.05536,243.61732,388.5116,317.7911,276.67627,280.5709,299.34146,273.23944,347.21524
push up_4100061.jpg,146.32751,146.33138,-261.4478,144.84377,136.82938,-266.9953,146.21182,135.09622,-267.0453,147.79819,133.06256,-267.12265,141.25896,139.69992,-255.25941,140.18747,139.82208,-255.34355,139.13968,139.90443,-255.43982,157.68568,123.52515,-257.35757,144.45921,131.71211,-206.74791,156.22908,148.40933,-254.76337,151.50275,151.48373,-239.93124,211.43483,133.65312,-246.89684,160.00685,158.10767,-140.38795,244.7442,208.19266,-260.082,160.81912,218.77835,-120.77608,258.52832,284.5202,-277.2297,148.17137,281.43677,-158.02777,261.0584,293.16425,-310.19873,136.69267,286.17603,-172.95164,253.6821,293.58533,-310.43726,141.0678,287.83926,-194.70166,253.85493,290.68323,-279.79193,146.23132,286.7762,-169.27533,260.59747,199.31612,-37.70936,230.39568,209.6594,37.636055,284.53586,239.61055,104.49642,261.81937,243.77301,178.66689,303.39374,249.9875,269.56613,288.80923,252.8845,342.37473,308.93304,246.17357,283.76938,294.68204,248.80083,358.93195,304.54507,272.47925,248.65411,288.8602,275.7592,332.98804
push up_4100071.jpg,141.29811,149.96175,-240.80667,139.59572,139.80116,-246.5162,140.9355,138.19943,-246.55563,142.42786,136.3466,-246.615,136.27269,142.4688,-234.89272,135.43639,142.58795,-234.9843,134.46288,142.60957,-235.08212,152.65575,127.10738,-239.95595,140.29884,135.44467,-189.76936,150.94437,151.7881,-235.3862,146.60706,154.81143,-220.67879,208.72919,140.28175,-232.71164,156.59372,159.84103,-127.08648,239.1307,213.25328,-243.46469,156.3962,220.49977,-107.974976,250.46866,286.943,-258.52603,144.63039,282.4118,-141.99136,251.7518,296.27954,-290.00705,133.35754,288.52463,-155.31596,244.27666,296.04108,-289.93182,138.36024,289.5925,-176.3892,243.7568,293.28894,-260.94275,143.75185,288.00626,-152.60014,258.13895,200.04329,-38.07883,228.99275,208.51242,38.00231,277.58136,240.84291,85.80711,261.10175,241.2147,162.4573,299.9812,250.47757,241.46024,283.56772,251.31088,313.72574,306.5928,245.76042,254.63504,289.6519,248.12364,328.91504,298.83224,275.4523,223.35707,285.28665,275.42096,307.62656
push up_4900021.jpg,246.26685,129.65941,-418.99075,251.3922,119.16566,-417.10632,253.43184,117.66235,-417.24448,255.56743,115.70006,-417.48444,243.72829,119.263466,-428.8107,240.0729,117.95297,-428.86826,235.97707,116.18319,-428.8711,254.86087,104.06911,-360.25412,221.30367,103.75422,-408.3283,244.8809,134.18085,-390.88904,235.69388,132.6102,-404.73917,270.01685,131.18439,-280.6219,166.71211,122.775566,-367.5521,296.63486,223.09692,-280.2999,153.84251,224.01096,-375.31824,308.73282,300.15366,-340.7833,137.98476,321.36197,-402.38522,319.34546,314.99277,-368.81424,136.08861,338.5436,-446.21844,314.09738,316.27618,-392.28775,148.88486,336.2571,-449.0364,308.02985,312.87628,-352.83032,149.36684,331.7858,-407.33295,183.3276,175.39989,23.496233,138.08684,166.31367,-23.42675,153.03328,207.24731,237.90018,124.054955,200.03314,197.15752,131.24725,221.3037,480.38794,106.9895,222.3983,432.46997,127.74718,219.42703,506.01917,103.349014,217.56238,454.98856,131.6721,252.52466,480.12537,110.03386,252.2159,418.57025
push up_4900031.jpg,248.12253,150.4941,-351.59583,253.75717,140.55159,-345.61884,256.1832,139.46176,-345.79398,258.67813,138.00536,-346.06018,245.31029,139.87953,-357.7723,241.76605,138.37183,-357.82327,237.88618,136.41643,-357.83145,258.4163,126.103905,-290.6775,223.8041,123.328316,-341.64493,247.41731,154.69026,-326.1483,238.00981,152.0847,-340.74814,273.02118,145.06169,-232.51321,170.50932,133.15883,-310.0273,302.02792,222.34294,-238.44418,142.36005,231.76736,-324.64664,308.6463,305.74435,-299.55545,133.29466,329.5419,-360.73346,318.41394,319.3953,-329.9739,134.59842,345.17667,-405.8717,311.336,319.01532,-346.67493,147.96796,343.52908,-406.85892,305.0608,315.3922,-309.64398,147.23505,339.57294,-365.3671,178.49309,186.27351,19.21579,136.0526,176.5127,-19.16122,144.0757,211.522,206.47098,117.1298,211.17186,167.91084,132.20895,226.7491,408.54865,107.69544,216.10172,367.4399,129.82256,226.15399,430.47684,106.55417,209.50383,386.99408,126.73695,249.17859,418.9645,106.74688,244.3547,362.6846
push up_4900081.jpg,249.30579,159.18756,-393.77448,254.48805,150.56602,-396.69516,257.44116,149.42305,-396.89133,260.18094,147.97882,-397.21783,244.80338,150.06429,-409.11087,240.66399,148.23576,-409.1252,236.42183,146.1478,-409.12512,260.1642,135.98758,-351.27213,224.11102,129.79063,-401.70886,249.46048,160.89148,-367.46915,239.82957,159.24,-382.50217,271.38898,137.42902,-259.11075,168.07666,131.4721,-360.6049,304.26178,225.18599,-235.79668,140.98862,244.31355,-357.2193,312.79095,313.1098,-270.56503,135.85362,341.2985,-384.77393,321.9968,328.034,-294.12064,139.194,357.8154,-435.11993,317.87723,328.66138,-321.1076,148.3627,355.38138,-433.3134,311.86295,324.47382,-283.29868,146.99435,350.14697,-388.90405,183.05466,159.11508,37.60113,137.37183,155.09229,-37.427658,157.11877,209.51846,213.89867,115.409706,205.90633,166.36484,118.3698,217.45198,460.20624,96.192894,220.96901,384.12085,113.20085,213.05159,487.51178,93.244965,213.40659,406.8195,116.15386,252.20433,475.01828,98.851715,254.62395,386.41702
push up_4900091.jpg,257.784,128.35402,-380.12137,261.77548,115.6011,-373.2833,263.32822,114.15017,-373.45486,264.82443,112.46865,-373.75885,253.75963,116.55361,-385.56763,249.30347,115.8123,-385.61197,244.27675,114.52901,-385.6082,260.01184,105.14275,-315.87616,225.91855,106.43749,-366.48148,255.6102,135.22375,-354.0491,246.0088,134.19263,-368.65677,270.9109,135.24905,-241.81615,168.52103,131.69627,-343.26053,299.51474,231.68083,-243.82104,149.31972,239.76912,-353.4272,313.8928,315.47357,-304.02057,136.96574,341.75458,-389.19608,325.26843,330.8703,-330.74692,138.32848,363.75986,-438.68393,320.52118,331.87512,-353.1103,148.01591,359.5358,-435.9623,313.95084,327.9744,-316.16772,146.6666,353.8036,-393.45117,178.60724,176.56517,28.921247,133.12033,172.87883,-28.792107,144.9912,213.57903,215.6236,115.336555,205.0552,163.63536,122.56439,229.7329,441.36798,94.96061,228.32272,370.6243,118.809875,227.39201,465.86823,91.407974,220.25337,390.537,126.76048,260.43283,448.057,99.04409,262.595,354.90524
push up_5000001.jpg,78.40967,183.44559,-24.091759,73.74648,174.51715,-38.43193,74.352135,173.5364,-38.458424,75.05107,172.47095,-38.433292,73.63961,174.78969,-14.980199,74.0829,174.02364,-14.975104,74.55325,173.11641,-14.939554,84.69066,166.2062,-68.909515,83.68917,166.10378,34.6801,86.88912,185.09654,-33.42811,86.90457,185.68176,-2.8415048,118.461006,177.11948,-121.88136,133.84023,170.7023,111.85956,115.761665,246.09564,-161.89381,134.19722,237.07936,124.55725,106.2185,308.6378,-166.05988,129.62279,292.6835,74.047935,92.792755,315.38202,-200.13048,118.49464,292.76495,80.08688,89.80903,312.64456,-174.42908,116.73829,294.99274,50.163086,95.946266,310.67377,-157.15585,119.55437,296.99777,60.65488,227.7271,184.42177,-73.48108,231.25095,179.32953,73.50511,302.89883,228.14125,-87.92835,303.92264,225.76147,73.06103,378.98483,271.91678,-69.300514,374.01462,266.7309,95.52915,401.6639,275.42062,-70.8928,391.80334,268.0108,96.18705,364.8945,306.3747,-126.359825,362.04523,302.1521,50.307503
push up_5000011.jpg,77.08982,182.79396,-29.073627,73.14702,174.41158,-43.23167,73.79485,173.38351,-43.25949,74.47539,172.29982,-43.234356,72.68022,174.98128,-20.147625,72.997116,174.32579,-20.146107,73.28528,173.57288,-20.112135,83.93134,166.12485,-73.123604,82.54243,166.81685,28.850163,85.60357,184.37968,-38.214745,85.13127,185.0838,-8.142955,117.93606,177.954,-125.851036,133.64322,169.86607,106.543236,115.45206,245.5448,-165.77858,135.18651,235.14952,117.68998,106.90112,307.3938,-169.57236,130.27682,290.71207,67.82269,92.976364,314.60034,-203.05013,120.245445,290.77237,73.31802,90.307816,311.68475,-178.74712,118.90273,293.41248,44.326878,96.93433,309.59238,-161.22711,121.36476,295.50473,54.797596,225.78363,185.86845,-73.176254,229.6215,179.34409,73.18559,297.72565,226.48769,-94.76126,299.2714,224.1969,74.35302,375.31976,267.49625,-77.897675,370.96237,262.60928,90.746635,396.88602,270.2667,-79.57442,388.53433,263.5998,90.60274,364.79926,304.756,-136.35068,362.09753,299.87915,44.38884
push up_5000021.jpg,74.79276,189.99655,-22.597324,70.16139,182.11652,-37.261555,70.65376,181.1147,-37.29237,71.15846,179.97092,-37.265522,69.81419,182.57526,-13.14209,70.06056,181.92146,-13.151025,70.284134,181.14505,-13.129834,79.67886,172.50987,-69.38442,78.924736,173.1288,37.41388,82.88367,190.51913,-32.486507,82.70612,191.30159,-1.0679263,113.26453,181.76378,-125.41361,130.01572,171.86885,115.91282,114.886925,246.55084,-168.99867,133.06448,236.19322,129.4109,105.80831,309.84448,-171.233,132.12126,292.42877,73.10713,91.49105,315.82568,-204.74284,120.120476,292.6924,77.5781,88.86333,313.51212,-180.97983,118.29568,293.53702,47.610573,95.165504,311.39206,-162.93977,121.46363,295.30203,59.41936,222.17932,194.92857,-74.90392,226.3035,186.9373,74.89766,297.81436,232.00604,-80.267365,298.61554,228.27663,85.38204,375.8459,268.7743,-57.268944,369.7368,264.15982,109.98717,398.07416,269.6463,-58.506123,386.93167,264.19254,110.625656,364.22522,304.97394,-113.604515,360.20764,299.02,65.79379
push up_5000071.jpg,76.5675,179.48735,-29.443459,72.75421,171.59972,-43.05257,73.38495,170.63124,-43.084667,74.08254,169.60922,-43.063,72.71419,172.06894,-20.133404,73.26326,171.44275,-20.142544,73.842316,170.72398,-20.11212,83.10605,163.80936,-72.579475,82.09529,164.24644,28.605839,84.98893,180.98955,-38.681698,85.13183,181.61188,-8.813826,117.611275,175.16547,-125.5304,132.47736,167.15132,102.570244,112.45567,241.79616,-165.80733,132.57098,233.02234,108.9885,106.85092,306.54083,-170.04129,129.26917,291.6271,58.33902,94.13939,314.6889,-204.51614,118.53669,292.62646,63.871616,91.89503,312.17145,-178.75826,116.52981,294.62756,33.01172,97.97439,309.7339,-161.28792,119.60244,296.66028,44.398705,226.41925,185.57571,-71.75866,229.29189,178.5701,71.79142,297.28055,229.08932,-76.51346,298.49286,225.54597,78.5076,374.315,267.97827,-50.773514,369.54532,263.26996,107.092255,396.68024,269.61984,-51.744053,386.63617,263.5981,108.189125,363.67532,305.90762,-106.37687,360.50803,299.77002,62.343727
push up_5000081.jpg,75.72511,178.99355,-40.34371,71.646355,170.43024,-53.97267,72.36184,169.4516,-54.003494,73.15315,168.40567,-53.981934,71.60391,170.74832,-31.415733,72.23911,170.0251,-31.427547,72.89409,169.18158,-31.39408,82.83093,162.37846,-82.6551,81.88035,162.35739,16.94966,84.3734,180.58388,-49.073906,84.609314,181.32095,-19.659657,118.44229,175.56062,-133.16151,132.9945,167.70042,92.115265,111.73392,242.85222,-171.47433,131.89702,235.50984,100.50954,106.94492,308.1793,-176.2299,127.52103,293.53903,55.126007,93.59557,316.66077,-210.0093,116.8809,294.6509,61.16018,91.4647,313.47186,-184.57129,114.62408,297.31558,30.411823,97.34297,310.9411,-167.46814,118.071815,299.10672,41.366592,225.22807,185.72968,-70.9964,228.29329,179.06032,71.01583,297.99237,228.2313,-80.49406,299.1242,225.81908,74.84726,375.64755,268.23203,-57.56309,370.01123,263.38922,100.43457,398.5327,269.8695,-58.65125,387.801,264.50165,101.22172,364.25812,305.68842,-113.5594,361.1851,300.04697,55.83293
push up_5000131.jpg,78.00293,174.25203,-37.129692,74.1462,166.61589,-51.80347,74.70373,165.87907,-51.835293,75.3031,165.0974,-51.81018,74.248856,166.89174,-28.063427,74.87848,166.3621,-28.070162,75.49981,165.75783,-28.037594,84.92999,160.89302,-84.49246,84.32128,160.79927,20.56172,86.99544,176.89825,-47.418507,87.041084,177.47131,-16.515104,118.01571,174.04848,-141.20656,133.12054,166.38673,96.87273,112.2008,242.47533,-182.85532,132.2694,234.22467,102.94752,104.47241,307.11606,-191.71487,128.21614,292.23904,49.890564,90.41148,314.9507,-226.95663,117.97427,294.0248,53.32117,89.0523,312.15472,-203.13998,115.340706,296.41312,21.866941,95.21632,309.7255,-183.65984,118.094986,297.78384,35.262215,226.08502,191.58217,-76.43132,227.99557,186.79642,76.43226,298.9558,230.58153,-99.98597,297.73703,229.01657,77.35748,379.39648,269.98682,-81.54207,368.72168,263.51508,105.93472,399.01248,271.0287,-83.236145,385.427,263.79825,107.16428,368.21063,305.95135,-143.75418,362.1462,299.55566,64.573906
push up_900011.jpg,121.97784,205.32565,6.8327236,114.58331,200.20503,-11.854495,114.585526,198.99078,-11.874182,114.538025,197.60986,-11.844796,114.54114,200.45807,13.469427,114.5394,199.50732,13.446228,114.46351,198.36617,13.444654,118.57112,186.65973,-55.25899,118.52234,187.16034,56.30822,130.25603,202.83171,-5.592812,130.34312,203.2072,27.099596,155.5892,192.63925,-112.96755,173.36415,171.5777,131.80937,170.98415,264.6677,-140.03423,181.54378,239.63211,154.36035,167.58965,322.45105,-118.53067,177.91884,294.10916,103.17369,161.19844,331.3608,-144.31657,169.97896,301.86923,105.99008,157.54689,328.18433,-124.85308,166.14523,305.56436,77.21763,160.12245,325.79294,-110.32818,169.90482,304.2103,89.71825,270.59302,222.24622,-73.44977,275.0036,203.21094,73.44554,357.2002,258.16953,-83.69942,358.9989,240.3341,73.62238,445.2879,287.1057,-69.33349,438.8388,276.5825,88.0288,461.3891,285.95428,-70.29729,457.11862,278.36472,87.81409,434.3169,327.10822,-113.104195,427.99902,310.5909,48.652397
push up_900021.jpg,125.46311,192.91628,9.43296,118.720276,186.57912,-8.271072,118.58222,185.19424,-8.284581,118.417465,183.64629,-8.251169,119.01793,186.85443,15.95747,119.10411,185.6888,15.940265,119.14119,184.28267,15.952745,123.78088,171.85387,-51.07014,124.50194,172.05675,55.584198,133.95341,189.76057,-3.1386147,134.91133,190.0838,28.247757,160.53757,178.9389,-110.29762,181.88135,161.26129,131.39491,170.49054,255.73973,-135.24747,181.9355,231.68803,150.0629,169.48181,321.80087,-120.91022,180.45056,291.0029,108.83502,162.05373,328.6221,-148.0711,171.03186,296.1547,115.46962,159.06335,325.58704,-124.42416,168.05994,300.3727,87.17171,162.24759,323.56915,-111.418365,171.79988,299.94586,96.215996,276.96,209.94824,-72.94748,282.1527,193.48274,72.90822,361.1516,253.16313,-63.008057,361.8308,238.96808,81.20501,447.97137,287.90042,-30.116068,442.353,279.40372,113.27646,465.20398,288.14923,-28.76473,459.14352,279.96597,115.10756,436.19092,328.39868,-68.34852,431.60825,318.45612,72.496445
push up_900081.jpg,127.81453,198.24069,26.822048,119.35676,193.58147,8.14347,119.26166,192.2747,8.122194,119.09438,190.77345,8.154085,119.49263,193.85811,33.969494,119.51639,192.84709,33.96061,119.46612,191.65019,33.964493,123.29985,178.56635,-37.281033,123.72522,179.46146,76.76812,136.84079,195.01904,13.614815,137.34352,195.5287,47.095398,156.5542,181.8764,-100.68725,179.9204,164.2813,155.65034,169.37862,256.67612,-129.60114,181.89053,233.51851,177.2866,167.48828,321.46957,-111.86409,179.86392,289.81473,133.6758,160.8643,328.65994,-137.51872,171.47742,297.17065,140.87024,158.0121,325.37286,-115.61247,168.36324,300.37732,114.46973,161.18466,323.4239,-102.43515,171.67542,299.71967,121.77586,273.70715,213.45343,-76.38935,280.86014,194.88214,76.371284,357.84555,257.02957,-99.283035,359.47998,239.31613,90.8086,446.09784,289.98163,-91.33562,440.87695,277.8185,112.39341,463.47113,290.06253,-92.60655,457.9545,279.40167,113.20088,436.16135,329.89505,-137.45491,430.99698,316.7122,72.94944
push up_900091.jpg,129.44205,195.21492,18.057262,121.60682,190.3744,-1.1474463,121.31772,189.0663,-1.1657351,120.9807,187.61052,-1.1340532,121.9264,190.52814,24.919086,121.899704,189.38275,24.91088,121.819336,188.02518,24.919456,125.17698,175.50877,-49.06194,125.88861,175.49313,66.12174,138.17828,191.31752,3.897049,138.98042,191.56439,37.72008,159.78595,179.18898,-112.3236,179.9776,159.1229,145.93388,170.57019,252.75742,-139.4292,183.13095,228.61725,166.57751,170.1277,323.0585,-118.88167,180.05833,286.92166,121.372574,160.4845,328.84857,-145.18118,170.61058,291.963,128.68144,157.35481,325.09372,-122.58862,167.94427,295.66513,101.31086,161.33269,323.23184,-109.3041,171.29764,295.63043,108.96495,276.9379,210.04893,-77.209526,282.71826,191.6509,77.19938,361.85382,252.04846,-88.51634,362.73117,237.3059,93.108086,447.13196,289.54492,-71.98733,441.7691,278.4927,119.89461,464.09094,289.87027,-72.70022,457.9446,279.6923,121.13702,435.58493,330.32657,-116.93778,430.15393,317.44058,81.780594
push up_g12.jpg,686.92035,126.364845,-175.30551,694.76483,110.14038,-159.65779,694.0428,108.65291,-159.69113,692.9347,106.935326,-159.68051,693.21375,109.43428,-206.14511,691.5819,107.599655,-206.22096,689.7488,105.52814,-206.25967,674.42395,94.28126,-57.45833,673.2911,95.877266,-266.2125,672.48303,131.4871,-129.96916,670.3402,129.84581,-190.6238,592.8487,114.485344,109.50945,593.39557,145.7724,-340.27628,567.8002,219.56244,146.42944,568.703,257.24106,-361.31772,567.59094,311.40475,55.67798,561.47314,361.0896,-332.28543,587.0197,314.03146,57.910053,583.9107,373.84415,-394.16028,591.1407,318.02655,7.231697,590.82715,367.5003,-364.99316,584.0928,318.27316,31.811798,582.7795,363.29172,-322.72604,394.44678,166.40741,151.82607,390.8764,189.52075,-151.84845,274.1239,219.35709,354.43994,264.824,231.65582,-19.076319,139.09253,257.75623,565.81775,118.0727,279.26105,100.35301,113.12402,251.15108,585.6705,79.66103,280.93085,105.27397,153.73907,320.01224,554.4664,139.39017,346.06006,12.715833
