push up_1000021.jpg,262.85727,314.88498,-122.88597,266.8684,311.984,-137.326,271.58948,312.68878,-137.38553,274.42978,311.86423,-137.45709,259.6305,313.3702,-137.67616,257.2575,313.21814,-137.71071,255.13538,313.06775,-137.73917,278.4881,302.9705,-150.83298,251.2104,306.81665,-152.99913,269.6043,306.85614,-121.06278,258.43088,309.34665,-121.56199,296.93738,269.14627,-133.92696,229.93011,268.86694,-131.01154,319.1297,244.66437,-74.049545,176.50111,255.4015,-78.63104,327.73828,304.83502,-32.7978,194.98698,302.21347,-53.63814,335.342,315.83795,-37.060486,188.94975,313.5523,-61.29154,328.56595,318.00983,-42.515343,195.4643,315.6865,-64.30825,323.95718,313.0031,-32.46516,199.0625,311.85397,-54.1118,270.29062,208.0079,5.2129726,243.25708,211.72314,-5.141596,267.82175,197.92653,148.41472,245.41132,200.50542,144.25555,261.81635,181.30261,298.8969,248.45523,183.88779,292.22815,260.0277,175.60289,317.58875,248.07819,177.80702,310.5769,264.8076,197.69406,338.18887,250.03796,198.49597,329.78012
push up_1000031.jpg,264.1344,305.55267,-94.03757,268.1294,309.7387,-107.39436,270.70966,309.5516,-107.40428,272.9681,309.30197,-107.42435,258.82278,310.08755,-109.09141,255.95135,309.87616,-109.11742,253.51341,309.57455,-109.1292,276.3603,304.34988,-123.2572,249.90901,304.60883,-131.94371,268.2558,299.43884,-93.721664,257.89142,300.08676,-96.07431,297.82336,265.5763,-109.75323,228.84073,263.2149,-112.82497,321.60562,247.10233,-65.141205,202.92763,244.6006,-64.11153,328.75882,302.91907,-33.640472,195.67874,300.3007,-34.314613,337.79556,314.61124,-37.216843,190.29234,312.3587,-40.75492,329.86398,316.9865,-38.813644,195.88211,314.41168,-44.360054,324.56262,312.62582,-32.28155,199.77664,310.2442,-34.9975,273.30322,202.80551,0.54104066,245.9299,201.47389,-0.52870584,270.25024,194.7167,142.72122,249.08899,194.61635,136.10783,263.69632,175.8666,273.92096,251.76236,178.9256,271.04382,262.04907,168.76982,289.89035,252.05363,171.42204,287.4995,266.61285,196.45097,313.80548,253.82152,194.72684,311.5225
push up_1000071.jpg,262.25388,311.8084,-118.249565,265.65714,316.24207,-134.28397,268.41434,315.98737,-134.32053,271.06274,315.71964,-134.38052,257.7613,316.5742,-134.26228,255.27646,316.50488,-134.30363,252.88405,316.36948,-134.3452,274.8791,312.05142,-153.7423,247.18051,311.48404,-154.8274,266.56152,306.57455,-118.381645,257.5928,306.53125,-118.57751,297.74695,270.18588,-135.79938,227.31323,268.1532,-135.66931,326.67575,246.53113,-89.61062,193.48788,243.37704,-84.105865,329.21646,304.14093,-58.87439,193.24571,302.38107,-54.19685,338.55725,315.58057,-64.66026,187.84914,315.0413,-60.636375,328.6041,318.471,-65.59579,194.1283,317.91104,-64.53623,322.93295,312.57388,-57.216564,198.04495,313.0158,-54.79584,271.83566,206.60799,1.1902322,244.03398,206.50305,-1.1478642,270.3716,199.76149,164.17838,248.95903,199.71423,157.60689,265.04263,180.56743,318.54425,250.89383,181.36702,313.20673,263.5099,173.86116,337.65497,251.16214,174.4819,332.47757,267.00937,203.69496,363.5008,253.53813,203.43034,357.6729
push up_1000081.jpg,260.18372,329.22256,-121.58092,265.31296,327.42426,-133.52643,268.6118,327.01334,-133.55719,271.82278,326.41956,-133.60806,257.44092,327.0217,-135.26427,255.3449,326.63397,-135.29912,253.22614,326.4127,-135.30704,277.09085,319.6284,-139.28401,248.2623,320.45563,-148.12466,266.40454,315.55048,-117.2742,256.8591,316.2162,-119.70514,296.2208,282.96304,-123.270065,228.5661,279.44345,-125.22577,321.86346,244.53783,-77.20172,201.72157,243.1654,-78.997894,329.82733,303.64914,-44.11229,194.68747,301.9531,-49.909,339.8259,314.81393,-46.391018,186.76535,313.21564,-54.152897,330.74564,318.26862,-47.77576,194.93254,317.44128,-54.325462,324.96304,312.9572,-42.153435,199.13835,313.37827,-48.663868,274.4957,217.05197,2.3853915,245.15353,217.48657,-2.3481133,271.41843,202.31856,143.63382,249.20068,203.16672,140.71399,265.3395,181.35892,279.38086,251.45021,182.41441,279.18805,263.92853,175.19559,296.30853,250.99843,175.3182,296.58292,267.10654,199.66585,321.08188,254.24872,200.12462,321.99097
push up_1000121.jpg,261.96414,306.0529,-108.71592,264.67703,310.05026,-121.96794,266.94708,309.87195,-121.99213,269.27936,309.61298,-122.03914,258.15134,309.81128,-123.2137,255.87466,309.41364,-123.24193,253.5428,308.8386,-123.27307,273.5586,305.63782,-135.27245,249.46806,303.55734,-141.89737,265.72876,300.80695,-107.43571,258.3334,300.12924,-109.265945,298.87402,264.31152,-118.17584,229.87221,263.17657,-122.53039,324.43005,246.96436,-79.0366,205.01764,248.2365,-78.22864,329.46558,303.6588,-58.57717,193.23917,302.38702,-53.900425,336.50955,314.9712,-65.07523,188.01355,313.58932,-61.508667,329.3432,317.624,-67.28881,193.26274,316.91824,-65.153336,324.88385,313.12146,-57.89302,196.73172,313.44952,-54.591278,271.24673,206.79025,-2.008719,246.6049,207.78969,1.9754796,269.3211,199.36594,144.24763,249.11304,200.25969,142.69023,264.5785,181.66614,279.7908,251.53352,181.80672,283.00116,263.2128,173.778,296.20496,251.16286,173.44508,300.1803,265.38562,200.82416,315.05817,252.99496,199.92966,320.8187
push up_1000131.jpg,259.2794,329.3263,-119.130806,266.1416,330.73117,-129.18921,269.1342,330.23917,-129.211,271.8711,327.75763,-129.246,257.80576,329.05936,-131.4356,255.03175,327.76532,-131.45769,252.36285,326.7487,-131.45549,276.9308,316.7349,-129.16315,247.98732,317.26352,-140.51003,267.86768,319.38715,-113.153786,257.44135,319.3304,-116.30886,296.14676,282.61148,-111.75762,230.44301,280.75992,-116.00872,322.36813,245.09622,-66.87237,204.10143,248.02826,-70.356316,329.16388,302.70676,-35.636257,195.31096,302.91562,-39.32308,339.60956,313.39282,-36.87758,187.81102,313.72537,-42.581703,330.30606,317.21362,-38.21394,195.60754,317.49652,-41.979546,324.51718,312.83203,-33.738552,199.5245,313.64993,-37.66335,274.10696,222.16348,2.0150313,245.32437,223.21257,-1.9791001,271.40512,204.02943,131.35602,249.62595,205.03696,128.12093,263.76917,181.98265,253.63168,250.38966,182.15201,256.20148,262.05182,175.9208,269.0756,250.02594,175.60995,272.32703,266.22705,203.6121,293.5206,254.81189,202.93639,297.19662
push up_100031.jpg,118.18966,308.6088,52.477577,110.07564,305.1341,35.70618,109.99165,304.39432,35.659588,109.89813,303.5582,35.648983,110.1212,304.58984,54.8538,110.10036,303.4271,54.84807,110.093506,302.13403,54.764874,112.17788,294.05582,-10.541554,113.2276,291.14163,73.140236,124.74469,305.5971,38.780216,125.04416,305.07495,63.185097,141.6459,287.90796,-52.16921,161.02014,250.35782,114.485664,164.1497,320.26282,-91.15349,200.29623,224.80783,153.86853,154.17075,370.9472,-77.29824,187.45631,257.40738,173.15016,141.30215,383.44733,-85.20502,185.74391,257.2851,181.89893,137.18288,379.62192,-66.84997,180.30011,263.64337,169.38457,142.18594,374.54984,-67.78733,182.20482,267.13995,168.50246,261.4978,284.4175,-57.589424,262.71017,252.17311,57.52532,356.6244,291.28888,-54.624092,351.5227,265.76154,72.279854,443.68567,290.94794,-65.20118,431.07147,278.4136,85.484215,459.9621,286.49527,-67.7598,449.73425,276.1925,85.12033,436.5649,331.27448,-100.3762,422.9824,312.31015,58.87879
push up_100081.jpg,107.4414,307.63876,48.94918,100.406944,303.54123,30.073128,100.38556,302.77737,30.024916,100.382454,301.9831,29.996002,100.538506,303.24603,50.490948,100.606926,302.31387,50.501198,100.683205,301.31912,50.43428,104.09552,293.10464,-22.40148,104.50601,291.36533,67.448654,114.78061,304.47708,33.93273,115.09998,304.07748,60.04182,130.49042,290.19803,-63.87112,153.23279,249.50986,116.26316,171.55884,304.59515,-127.05816,203.27505,227.83665,158.89813,158.75345,357.58228,-159.36032,191.74608,265.6911,182.37155,149.40207,368.16464,-173.58466,184.95937,264.50357,193.85074,141.63551,364.16434,-148.9786,181.25223,272.7264,180.10783,146.9353,359.35446,-148.87126,183.74254,275.17017,177.38348,251.97386,296.0286,-61.72715,255.9482,259.24805,61.669228,344.88138,292.3901,-48.341614,338.93124,269.76758,89.54773,433.39587,287.73526,-45.148426,414.65488,271.30524,126.767136,448.46436,281.33755,-46.079,438.36395,271.41452,128.8751,434.8963,329.6925,-77.94766,423.87973,302.01385,103.441986
push up_100131.jpg,107.0017,296.37106,47.820515,99.89289,292.36258,29.971611,99.8892,291.46536,29.916828,99.89119,290.58032,29.904718,100.04327,292.17676,53.283035,100.16875,291.1457,53.28959,100.29237,290.09308,53.236767,103.07988,280.5654,-18.922949,103.77494,278.92172,82.72516,113.98142,292.79797,33.421505,114.44947,292.47757,63.015152,131.57312,277.6228,-75.75267,153.09886,238.23186,140.84059,165.89017,306.6437,-133.5385,198.62769,226.18166,193.24538,154.82112,369.91705,-137.8274,194.07166,259.45938,211.7852,146.16008,378.81546,-154.64545,190.3965,256.90363,224.32016,139.14725,375.8428,-132.12811,186.47421,263.49246,207.76234,143.69342,370.28757,-127.36892,187.71251,266.50598,205.42337,253.60857,281.21088,-69.335815,256.1145,248.94601,69.33449,344.63327,289.49347,-86.68021,339.61063,266.192,92.4502,434.23718,289.44202,-106.96787,422.005,275.9564,118.95947,449.59528,284.39725,-110.71829,440.8425,273.599,119.938835,436.84674,332.2025,-150.89195,420.42456,305.95312,92.73102
push up_1400031.jpg,262.1983,325.16174,-73.58451,265.29944,327.69025,-89.36539,267.1949,326.9468,-89.37134,269.21796,325.9394,-89.391014,258.5537,328.489,-87.683044,256.1145,328.08832,-87.68788,254.55682,324.9604,-87.69903,272.17157,316.32065,-115.112495,246.00386,319.39624,-108.4163,265.83307,317.39883,-76.714836,256.46027,318.74988,-74.70317,291.02786,282.39767,-111.24954,225.10121,285.05667,-90.645454,304.84842,253.7637,-55.42205,211.04822,261.56235,-36.60859,291.7651,293.1891,6.6000233,221.40974,298.36615,11.32144,295.74765,302.9459,7.928892,224.2745,304.8973,11.657195,285.98093,305.83667,5.0724907,229.30606,307.22504,10.078498,282.8116,301.5695,7.962403,230.9296,303.33768,12.078261,268.90088,228.83609,-2.5923243,240.97192,228.68443,2.715559,265.38232,208.7605,113.78869,242.65901,213.45946,123.81705,261.51605,189.94026,228.75572,247.1117,188.68819,229.29927,259.50104,184.23355,243.06682,248.44469,182.7157,242.2193,261.46277,202.46265,268.6027,249.9034,201.07324,265.83295
push up_1400041.jpg,261.71872,323.96625,-102.27313,264.86838,325.27557,-115.5433,266.875,324.49603,-115.54326,269.0351,323.51147,-115.564896,257.72046,326.19705,-114.78009,254.47148,325.9983,-114.79898,255.36543,321.92,-114.810684,271.38293,314.16852,-130.33527,246.26538,317.7848,-127.67827,265.22968,319.20044,-101.55743,256.48517,320.94427,-100.695564,289.95065,285.23367,-118.31308,226.78107,286.01297,-101.98308,304.1423,255.1882,-62.40607,210.30759,256.57294,-49.213234,292.19745,294.76215,-5.2995796,216.90338,295.25833,-5.7216425,296.5864,304.37314,-2.7774827,216.19255,301.15863,-5.3128843,286.7561,307.40518,-5.808952,224.24191,304.66565,-5.9616504,283.24603,303.2793,-3.730149,225.6444,302.02258,-4.4494667,266.39764,226.39468,-2.8773005,238.68344,229.5634,2.9768257,264.61917,206.82439,108.41398,242.26106,211.35652,117.231735,260.54776,188.55319,216.74643,246.86154,190.21643,222.95665,258.53366,181.08195,230.13622,247.75134,182.927,236.08762,260.00244,197.08752,253.4281,249.57047,201.1778,262.09732
push up_1400101.jpg,260.0039,325.58105,-81.10161,263.33157,328.33783,-97.11953,266.08316,327.7793,-97.131645,268.74844,327.12756,-97.158165,256.6547,326.51273,-96.283905,254.32146,326.2342,-96.30282,252.00694,325.96597,-96.33183,272.36005,319.92755,-121.57289,243.4368,320.23068,-118.58241,263.83908,316.7354,-83.415405,253.90901,318.05798,-82.47615,293.37222,282.42294,-109.31519,224.52832,281.25082,-99.082886,304.9619,260.71603,-51.435703,210.1524,259.25623,-41.61619,289.1661,302.18808,1.2816684,225.08165,304.18936,2.0984929,288.74994,313.4301,1.8176588,223.0578,312.58896,0.32235384,282.34753,314.2041,-1.5665492,229.44241,314.26483,-3.3595967,280.2458,311.0983,2.4749277,231.38823,310.25388,1.8306844,271.50598,223.60542,0.62200105,241.832,224.39204,-0.5297662,267.16525,204.33282,126.390854,245.10573,205.43225,125.4046,262.91046,186.84079,249.22508,247.47583,186.63803,243.04858,260.4263,180.68558,264.18488,248.43956,180.50488,257.31433,262.44324,200.44598,286.4993,248.82123,200.80205,278.97797
push up_1400111.jpg,262.2101,327.8865,-93.01103,265.1861,330.72174,-106.74772,267.1375,330.1288,-106.76334,269.28467,329.30835,-106.792274,257.3269,331.2635,-105.86488,255.89742,326.0525,-105.871666,253.75134,325.7256,-105.895615,272.63605,321.08475,-125.48398,244.40163,322.462,-122.04357,265.6571,320.75238,-93.87834,255.66821,321.28336,-92.80383,291.50403,286.96265,-121.14688,222.20985,286.5531,-98.96053,307.14822,256.66623,-69.80662,208.84906,253.89417,-46.431557,295.16394,294.89496,-8.490531,217.6583,288.7675,2.1582623,298.3068,303.9893,-5.9147086,218.03362,293.5038,4.068668,288.13794,307.01758,-8.298786,224.7177,299.1089,4.776827,284.96045,302.96024,-6.768178,225.81973,296.42432,3.974416,268.84772,232.69948,-4.3664417,241.46654,233.72078,4.4864783,265.5574,208.18063,106.60156,246.56642,209.70207,120.30051,261.4895,186.01978,217.19044,248.80022,188.25966,220.36333,259.85123,179.7742,230.80403,249.47388,180.19922,232.73512,260.77405,202.134,257.17056,250.84085,202.9484,258.08627
push up_1500061.jpg,397.78976,271.43604,-202.37589,404.49072,262.13284,-193.11671,404.34116,260.99915,-193.16753,404.2383,259.6886,-193.31197,403.43073,261.36826,-217.8727,402.4978,259.7543,-217.9406,401.58627,257.8446,-217.93216,391.20184,242.90897,-132.00505,388.1345,241.16,-242.07396,386.35156,270.5529,-174.18993,385.0568,269.51147,-206.06517,346.8314,219.5511,-56.491272,317.70602,225.17645,-236.35463,288.5519,210.8345,77.559105,232.2421,204.40315,-211.56276,293.50452,275.74738,133.57367,240.3285,289.2384,-180.61012,302.6493,281.45358,134.30405,249.23044,299.08804,-205.43112,304.08987,283.7297,112.39992,258.62704,297.623,-201.58531,300.1731,281.38617,125.37454,255.9167,293.18964,-179.06818,223.57727,229.81131,63.04013,199.00874,232.02972,-62.97616,147.20229,247.03587,201.28636,114.14745,252.22824,81.05004,88.18002,236.87607,356.832,53.38663,240.38669,240.18602,74.771545,228.95898,373.50058,40.849457,234.56544,257.00934,82.76335,271.23123,367.8781,54.081043,278.66513,237.7878
push up_1500071.jpg,394.6104,277.991,-177.66673,402.9279,267.6061,-169.51959,403.02423,266.4853,-169.57051,403.16986,265.19336,-169.71103,401.37216,266.6272,-192.91133,400.2936,264.87912,-192.9798,399.08563,262.7004,-192.9627,389.2171,249.11281,-112.44315,384.08646,245.56996,-215.96225,383.33945,277.0921,-150.89783,381.5792,275.63675,-180.81123,345.17004,224.24294,-52.057884,318.39526,229.30733,-207.75444,292.4348,200.2962,75.11351,232.96085,198.6334,-174.13754,295.75464,269.36667,132.638,239.60237,286.07782,-123.73954,300.4502,276.9246,132.69467,247.24905,298.57047,-141.79053,303.1475,280.8258,112.47549,257.22086,297.18152,-137.3306,299.83646,278.32126,124.99732,255.31938,291.9824,-121.23822,218.69293,231.57779,57.82607,194.15561,234.6449,-57.768414,142.0982,247.9498,190.66856,108.552246,253.0493,83.67471,84.4396,233.62508,334.83,50.751945,240.61644,234.92688,75.232216,224.19096,350.79736,38.52874,232.479,251.75916,77.16721,277.25583,353.60815,49.705524,277.4395,244.47607
push up_1600001.jpg,375.59998,255.17432,58.13815,380.96014,249.47548,69.46601,380.91794,248.6966,69.43507,380.85703,247.8376,69.434494,381.23407,248.8097,47.229473,381.4246,247.56445,47.21254,381.5938,246.16171,47.190536,376.93976,237.2841,121.52844,377.5619,236.32884,21.022348,369.43805,253.23302,79.27826,370.01318,252.00565,49.990173,334.09448,230.0397,172.84966,344.153,216.93451,-37.030415,289.74408,247.27853,184.85362,316.68756,235.9836,-133.86615,302.25235,270.98526,130.81099,345.2829,282.84094,-178.15474,308.44495,272.01834,127.21663,356.65128,287.8584,-198.18669,312.63837,272.64673,117.28508,359.19028,284.98727,-185.4093,311.32257,272.00797,124.702934,354.63855,282.5759,-173.08339,243.75827,235.38326,66.40389,245.55728,231.6648,-66.29095,173.074,249.72255,19.089012,172.41423,252.001,-107.160446,92.69232,241.37416,-0.4822082,86.14529,247.33885,-142.41609,78.258064,235.8165,-5.283467,72.222305,241.84264,-148.16544,91.119965,277.6826,-45.271362,85.94526,286.56906,-203.40105
push up_1600101 (1).jpg,393.59338,294.95554,-44.273952,401.78107,287.27536,-34.566956,402.00513,286.19467,-34.589344,402.21896,284.9013,-34.612663,401.27646,286.1022,-59.972614,401.13815,284.19305,-59.989517,401.01706,282.07523,-59.97039,397.35364,269.8194,22.691896,396.19394,269.71323,-92.98164,385.3525,291.61862,-20.251953,385.14673,289.967,-53.857307,347.8953,249.26189,91.704155,344.84595,245.9409,-135.47159,302.82034,247.4558,224.68109,284.8497,255.11801,-254.69977,320.0232,284.0346,309.26077,329.54657,308.04965,-338.48044,330.5875,288.47275,326.12482,346.50812,315.25876,-367.91663,336.8767,290.3702,304.24713,350.0317,311.419,-354.06696,331.97928,289.66122,302.06558,344.6561,308.37698,-334.32745,211.11438,259.8655,74.812485,206.20653,264.65063,-74.6873,114.047775,270.14975,84.006744,108.18594,278.07086,-72.87452,28.504242,258.64505,127.30797,14.409986,262.13516,-66.98603,19.949554,250.21388,127.101456,5.6383324,254.1501,-69.43918,19.001785,299.8111,87.12311,9.167318,305.7432,-122.70461
push up_1600101.jpg,393.59338,294.95554,-44.273952,401.78107,287.27536,-34.566956,402.00513,286.19467,-34.589344,402.21896,284.9013,-34.612663,401.27646,286.1022,-59.972614,401.13815,284.19305,-59.989517,401.01706,282.07523,-59.97039,397.35364,269.8194,22.691896,396.19394,269.71323,-92.98164,385.3525,291.61862,-20.251953,385.14673,289.967,-53.857307,347.8953,249.26189,91.704155,344.84595,245.9409,-135.47159,302.82034,247.4558,224.68109,284.8497,255.11801,-254.69977,320.0232,284.0346,309.26077,329.54657,308.04965,-338.48044,330.5875,288.47275,326.12482,346.50812,315.25876,-367.91663,336.8767,290.3702,304.24713,350.0317,311.419,-354.06696,331.97928,289.66122,302.06558,344.6561,308.37698,-334.32745,211.11438,259.8655,74.812485,206.20653,264.65063,-74.6873,114.047775,270.14975,84.006744,108.18594,278.07086,-72.87452,28.504242,258.64505,127.30797,14.409986,262.13516,-66.98603,19.949554,250.21388,127.101456,5.6383324,254.1501,-69.43918,19.001785,299.8111,87.12311,9.167318,305.7432,-122.70461
push up_1600111 (1).jpg,415.51562,299.47278,-52.545944,424.58325,289.6905,-43.99397,424.82275,288.5868,-44.012463,424.9591,287.34442,-44.049656,423.90848,288.97253,-68.31466,423.6479,287.37225,-68.33307,423.28955,285.50665,-68.30144,417.6491,272.8434,9.727905,416.3292,272.94516,-100.73968,407.3884,297.1803,-29.570904,406.74832,295.5554,-61.550724,363.0478,250.75581,74.039825,363.25684,250.10223,-136.80234,310.86746,254.12062,197.04204,298.5231,256.83957,-228.18758,332.41397,287.03525,267.01624,348.24475,311.77612,-277.33783,336.4,294.06024,277.75192,365.4122,318.71838,-302.92642,347.72128,291.86734,257.85788,368.22183,314.28268,-291.48465,345.88504,291.84323,259.93036,363.09146,311.26556,-273.65024,223.82362,260.75812,68.42473,218.46074,267.90878,-68.25203,127.43317,271.77908,103.82699,116.10512,278.6039,-42.52596,46.03725,254.24237,169.34215,19.567608,263.74094,-9.64318,39.0176,243.09163,172.05513,12.291641,254.56758,-8.668,32.570312,289.70288,137.47578,13.953781,304.05533,-59.71358
push up_1600111.jpg,415.51562,299.47278,-52.545944,424.58325,289.6905,-43.99397,424.82275,288.5868,-44.012463,424.9591,287.34442,-44.049656,423.90848,288.97253,-68.31466,423.6479,287.37225,-68.33307,423.28955,285.50665,-68.30144,417.6491,272.8434,9.727905,416.3292,272.94516,-100.73968,407.3884,297.1803,-29.570904,406.74832,295.5554,-61.550724,363.0478,250.75581,74.039825,363.25684,250.10223,-136.80234,310.86746,254.12062,197.04204,298.5231,256.83957,-228.18758,332.41397,287.03525,267.01624,348.24475,311.77612,-277.33783,336.4,294.06024,277.75192,365.4122,318.71838,-302.92642,347.72128,291.86734,257.85788,368.22183,314.28268,-291.48465,345.88504,291.84323,259.93036,363.09146,311.26556,-273.65024,223.82362,260.75812,68.42473,218.46074,267.90878,-68.25203,127.43317,271.77908,103.82699,116.10512,278.6039,-42.52596,46.03725,254.24237,169.34215,19.567608,263.74094,-9.64318,39.0176,243.09163,172.05513,12.291641,254.56758,-8.668,32.570312,289.70288,137.47578,13.953781,304.05533,-59.71358
push up_1700041 (1).jpg,128.69061,332.17847,-244.3178,123.33556,319.85007,-259.52448,126.679,317.9855,-259.6195,130.75697,315.54977,-259.82632,113.67245,319.0769,-245.62935,110.689186,316.47595,-245.74213,107.951805,314.04224,-245.90178,147.30411,289.99106,-274.8214,114.43366,291.04178,-214.99165,148.07019,325.29828,-242.52927,139.46242,316.0185,-225.5444,241.91646,242.24405,-237.83076,123.34149,240.82518,-158.2984,376.3995,184.82538,-216.10474,148.81116,223.22765,-35.331657,371.57318,303.28152,-219.69649,144.2319,290.23425,51.151047,375.66385,322.7467,-249.75357,120.28077,308.9729,47.152832,352.43948,327.23727,-243.15794,128.50949,314.32202,30.981482,348.39746,322.33804,-219.62419,151.82532,307.87772,46.720627,323.92987,189.99292,-48.037025,261.54913,186.038,47.889362,365.44672,152.06091,123.12062,283.23892,139.31046,240.41765,342.79565,108.09823,339.09406,289.11743,97.03547,442.625,337.88327,99.629745,365.52933,301.84467,99.23136,467.40048,335.48227,116.44515,395.96725,300.1233,127.03697,503.943
push up_1700041.jpg,128.69061,332.17847,-244.3178,123.33556,319.85007,-259.52448,126.679,317.9855,-259.6195,130.75697,315.54977,-259.82632,113.67245,319.0769,-245.62935,110.689186,316.47595,-245.74213,107.951805,314.04224,-245.90178,147.30411,289.99106,-274.8214,114.43366,291.04178,-214.99165,148.07019,325.29828,-242.52927,139.46242,316.0185,-225.5444,241.91646,242.24405,-237.83076,123.34149,240.82518,-158.2984,376.3995,184.82538,-216.10474,148.81116,223.22765,-35.331657,371.57318,303.28152,-219.69649,144.2319,290.23425,51.151047,375.66385,322.7467,-249.75357,120.28077,308.9729,47.152832,352.43948,327.23727,-243.15794,128.50949,314.32202,30.981482,348.39746,322.33804,-219.62419,151.82532,307.87772,46.720627,323.92987,189.99292,-48.037025,261.54913,186.038,47.889362,365.44672,152.06091,123.12062,283.23892,139.31046,240.41765,342.79565,108.09823,339.09406,289.11743,97.03547,442.625,337.88327,99.629745,365.52933,301.84467,99.23136,467.40048,335.48227,116.44515,395.96725,300.1233,127.03697,503.943
push up_1700051 (1).jpg,112.95142,335.98718,-265.89478,108.31022,327.26666,-280.83844,112.571686,326.48285,-280.90958,117.08954,325.72116,-281.0945,98.61357,323.83615,-265.4891,96.5954,321.08286,-265.61502,94.391785,317.5941,-265.81992,134.5238,307.47983,-299.41818,102.784134,297.9022,-234.66254,134.38844,329.42618,-265.89227,124.30242,326.46234,-247.58989,249.63564,244.44986,-254.92198,116.75713,230.59473,-188.43329,386.13715,178.4352,-245.66476,148.42111,200.86864,-48.919193,375.53818,299.19766,-267.52316,140.67049,247.5106,41.523026,379.94757,322.478,-296.53918,118.88358,258.64038,33.02992,354.88474,327.1255,-293.82736,127.614914,268.31442,22.864183,351.44592,318.8934,-270.1338,143.73827,264.4015,38.06674,339.5232,200.86975,-59.002068,282.6996,192.75464,58.609146,369.21893,187.29265,198.93073,291.2676,186.55028,317.48212,360.37033,173.60594,460.87186,316.07446,162.9042,570.22174,353.93588,161.88455,490.96744,322.67062,151.76573,598.4732,352.06516,220.87062,503.57574,325.541,218.44528,630.9242
push up_1700051.jpg,112.95142,335.98718,-265.89478,108.31022,327.26666,-280.83844,112.571686,326.48285,-280.90958,117.08954,325.72116,-281.0945,98.61357,323.83615,-265.4891,96.5954,321.08286,-265.61502,94.391785,317.5941,-265.81992,134.5238,307.47983,-299.41818,102.784134,297.9022,-234.66254,134.38844,329.42618,-265.89227,124.30242,326.46234,-247.58989,249.63564,244.44986,-254.92198,116.75713,230.59473,-188.43329,386.13715,178.4352,-245.66476,148.42111,200.86864,-48.919193,375.53818,299.19766,-267.52316,140.67049,247.5106,41.523026,379.94757,322.478,-296.53918,118.88358,258.64038,33.02992,354.88474,327.1255,-293.82736,127.614914,268.31442,22.864183,351.44592,318.8934,-270.1338,143.73827,264.4015,38.06674,339.5232,200.86975,-59.002068,282.6996,192.75464,58.609146,369.21893,187.29265,198.93073,291.2676,186.55028,317.48212,360.37033,173.60594,460.87186,316.07446,162.9042,570.22174,353.93588,161.88455,490.96744,322.67062,151.76573,598.4732,352.06516,220.87062,503.57574,325.541,218.44528,630.9242
push up_1900011.jpg,364.9542,141.61237,-13.254315,373.10056,136.35149,-7.0042305,373.4503,135.29263,-7.037191,373.8839,134.2125,-7.06236,373.23447,136.1406,-26.008478,373.62143,134.97777,-26.022064,374.0998,133.76683,-26.001545,373.08276,121.83368,32.614513,373.17908,122.16388,-54.104794,358.50058,137.93962,3.9263504,358.63068,137.19595,-21.30654,328.07462,86.13096,79.415115,334.7792,98.75386,-83.01455,286.69537,89.00374,154.59033,281.105,112.2091,-160.09132,297.83118,130.7024,195.15347,309.10367,162.29396,-209.30005,304.00705,129.5924,203.07916,323.40366,169.28409,-227.6467,306.8886,133.35323,186.57066,325.11316,162.7852,-215.87068,305.74136,134.68594,188.96513,320.4978,159.14505,-205.13109,216.02338,96.39887,54.978874,214.15623,107.26641,-54.84779,138.56964,113.5799,56.311405,134.83151,122.87555,-37.684376,56.748806,105.74611,69.44964,48.495884,111.05559,-29.822815,39.62305,98.14187,67.24718,29.885231,103.28217,-30.968435,52.447845,143.26697,35.560604,42.797142,151.85466,-66.69488
push up_1900021.jpg,364.05228,141.40076,-10.725109,372.05893,135.92451,-3.5282311,372.35254,135.00302,-3.54349,372.74255,134.04305,-3.560075,372.34747,135.44789,-22.489521,372.80463,134.21577,-22.497139,373.39624,132.85385,-22.464165,372.2506,121.587234,40.387997,372.71826,121.35674,-46.523075,357.99088,137.69044,7.859577,358.349,136.61339,-17.37221,327.66095,89.843,88.26586,335.50232,94.78252,-77.97067,283.66922,90.89884,164.22656,301.51505,95.27893,-163.4416,295.38416,131.53839,197.35533,309.53192,163.85454,-217.87184,302.61566,130.3634,204.55067,322.88434,170.24648,-236.12532,305.391,133.46649,187.82504,325.334,164.54234,-222.70131,303.9851,135.18791,190.91844,321.17535,161.09402,-212.87094,216.1878,98.525734,55.054485,214.53758,105.40959,-54.92249,138.49646,112.58116,57.575825,133.68909,122.68936,-39.781345,60.439354,104.14064,70.27962,48.17147,110.63388,-31.114079,42.191017,97.052795,67.86617,29.892683,102.35518,-31.983429,55.20029,144.06316,36.776676,45.175697,152.13248,-66.69715
push up_1900081.jpg,361.63696,140.38576,-1.6568688,369.0885,136.7743,5.433946,369.30377,135.90854,5.4088407,369.65265,134.84935,5.3875055,369.4182,136.58014,-14.202721,369.83575,135.57318,-14.219999,370.40103,134.34953,-14.2007675,369.09518,122.24136,47.721893,370.1254,122.202095,-42.279198,354.75735,136.09254,16.33188,355.32138,135.50218,-9.905239,325.05072,90.79458,93.53122,333.3348,90.600266,-77.02793,288.84998,91.2661,183.92296,298.75116,93.24987,-172.47229,295.15668,131.02902,228.71732,306.04102,159.82457,-241.8643,301.70685,129.45805,237.19156,319.49295,167.30641,-262.31232,305.25284,132.20255,218.8144,321.99948,161.08958,-250.49646,303.5179,133.55305,221.9791,317.7045,157.16904,-237.69948,214.77112,98.39982,56.68423,213.84561,104.48669,-56.562344,135.07895,113.5135,52.034325,133.88246,121.302956,-42.87742,54.24255,107.76775,60.055267,46.97043,111.44586,-39.14865,36.59759,99.43567,57.055878,27.63166,102.80342,-40.708954,49.687,146.55449,23.652508,42.61891,151.18668,-77.22811
push up_300091.jpg,109.14768,307.0585,72.93303,101.04525,303.63577,54.361607,100.83411,302.94675,54.306355,100.64145,302.12714,54.29225,101.42049,303.0186,74.92292,101.46911,301.8979,74.92905,101.52018,300.58398,74.86872,103.61508,292.65137,0.8701724,104.450745,290.06683,91.48919,115.57197,304.02765,57.201004,116.235855,303.3072,83.499405,130.90323,289.13602,-53.024353,153.90764,251.04135,137.33655,161.15926,306.18893,-131.11662,198.20847,222.06085,194.86804,154.83278,362.58337,-182.59988,193.33583,264.9316,231.50076,152.18777,373.13184,-199.20651,192.02303,261.6729,244.68639,146.07132,370.74545,-176.13187,189.33899,273.49457,229.34084,150.2202,365.88147,-172.79932,189.90454,275.59735,226.20976,250.29187,296.2096,-61.305386,254.69673,262.82504,61.21113,346.09662,299.63177,-66.767166,340.38004,274.0745,73.24208,435.71326,291.17908,-77.65835,417.93353,275.8749,88.77627,450.37814,283.6697,-79.57535,438.23743,270.91888,88.48592,436.4181,331.83542,-110.65396,428.6036,302.42252,60.626972
push up_3600041.jpg,95.85794,287.6151,-174.90991,90.50853,282.1775,-188.21631,91.24803,281.40976,-188.23112,92.04908,280.5086,-188.2827,89.37512,281.2476,-172.6209,89.36116,279.76328,-172.68552,89.351234,278.06754,-172.73006,101.14867,268.30545,-208.66743,96.729294,265.71484,-139.68341,105.58648,286.09296,-178.01114,104.93394,285.3531,-158.15195,162.77785,254.9048,-193.31036,131.93988,223.44896,-82.48145,225.56688,231.95853,-159.93587,173.53104,203.0659,20.980366,213.41028,291.1155,-108.75694,169.06819,248.17175,79.77869,205.48717,302.6386,-119.16015,155.65112,252.43535,80.70192,196.94507,300.17847,-116.524155,156.41356,257.628,65.03864,197.819,296.2693,-106.49637,160.75574,258.57776,74.63258,255.53676,239.2534,-48.525547,237.98819,223.81448,48.44819,317.37967,241.32404,80.3052,298.03146,232.54903,167.01762,363.59265,214.0807,196.77684,348.64084,210.09673,299.99332,375.22665,204.36261,208.33316,358.28958,201.26434,314.09137,369.42093,247.72108,182.31525,355.44244,238.0507,310.3135
push up_3600091.jpg,99.321045,281.79672,-185.06844,92.38552,275.18588,-199.53786,92.850494,273.78955,-199.5438,93.36491,272.24124,-199.60022,91.42193,275.6525,-183.00569,91.19202,274.4988,-183.0775,90.924324,273.1421,-183.12631,100.708176,258.15988,-221.92984,96.9291,259.5991,-148.47096,108.560074,278.20563,-188.35934,107.7939,279.2024,-167.18803,161.87589,238.25235,-202.73703,129.27988,220.87267,-88.818794,224.92654,234.00198,-182.10236,167.81718,214.6888,22.041708,213.84808,291.35083,-148.4548,162.64363,257.36337,84.680046,205.92612,302.97623,-161.75995,141.0756,261.58032,88.15243,196.15207,300.32898,-156.55104,142.59383,264.07443,72.82383,197.42276,296.3863,-145.77841,151.42914,265.25528,79.94521,255.40758,235.35815,-47.390385,237.30806,225.41759,47.336464,318.8013,240.88817,85.5008,299.05695,230.85686,167.78146,360.68625,213.39241,203.1479,346.4916,211.04466,302.16202,372.7215,202.13823,214.81465,356.94342,201.01364,316.5756,369.37875,244.03197,187.24399,354.55478,238.01843,309.93155
push up_3600101.jpg,101.8396,275.09503,-193.0474,94.96758,268.604,-207.86382,95.40995,267.12448,-207.85655,95.94344,265.4637,-207.90677,93.8005,269.13516,-190.99484,93.406975,268.0056,-191.07965,93.01769,266.72107,-191.1315,103.17542,251.10025,-229.992,98.36008,254.49567,-155.36356,111.19456,271.2636,-196.05312,109.91382,272.35953,-174.55748,160.10551,228.08743,-214.37291,126.83204,221.48013,-93.83,226.20326,232.5107,-197.84402,163.0664,219.68582,31.297642,213.59819,291.50333,-165.72313,156.87418,258.21555,105.77385,204.6995,302.9591,-179.52911,138.02151,260.81702,111.596664,195.3287,299.72482,-175.92062,138.91595,264.20206,95.782814,197.35379,295.78387,-163.4892,147.67639,264.5477,101.2209,255.95872,234.1911,-47.997883,238.29868,226.55933,47.936245,317.69373,242.31657,85.653244,300.3379,230.45784,167.37308,361.7882,214.96182,202.80632,348.8697,212.40892,303.17337,374.14548,203.15385,214.90279,357.7489,199.73557,317.684,370.88843,242.46964,189.43056,357.09363,235.09596,311.26175
push up_3600141.jpg,98.69309,283.95084,-181.23772,92.648895,277.9293,-194.39064,93.22832,276.94485,-194.39665,93.85301,275.8342,-194.44469,91.58631,277.33676,-178.74583,91.44194,275.86942,-178.81253,91.30843,274.26886,-178.8598,101.8789,262.6718,-213.16667,97.847,261.62283,-144.00021,107.56761,281.5935,-183.49445,106.79162,281.15198,-163.55424,162.73457,245.68994,-194.55225,129.23174,221.39507,-85.18501,226.22014,230.66267,-169.07869,172.62883,211.31134,22.02663,215.47845,291.26907,-128.48279,166.55887,255.63655,82.69861,206.35498,302.85645,-140.26804,155.17442,262.5993,84.701904,197.23036,300.21896,-136.27504,154.90958,267.84384,69.90178,198.67534,296.41037,-126.02051,158.05304,263.76978,78.02789,255.65718,233.75818,-46.482433,236.25034,222.0297,46.418236,316.1168,239.82693,80.88613,296.27115,230.89781,163.32153,360.50378,211.43602,196.193,346.46066,209.93347,293.27612,371.73624,201.82957,207.81781,355.91348,200.87419,307.2369,368.10324,243.48462,185.22198,353.76895,236.47174,305.14014
push up_3700021.jpg,250.47488,210.2735,-113.83559,258.0787,214.68097,-133.48024,263.73114,213.3565,-133.53891,269.47488,212.01927,-133.6193,245.3827,216.32857,-137.09872,241.36263,216.73808,-137.14908,237.13658,217.00548,-137.22192,277.3324,199.05865,-158.69305,225.56514,203.12686,-174.03586,256.18793,199.56206,-113.628044,243.41978,199.51215,-117.880104,314.0372,140.21675,-140.82649,181.04341,140.13663,-145.12312,345.04086,116.56903,-49.594482,140.60168,105.33968,-64.224335,323.00012,196.9855,12.78868,158.57042,195.31927,-26.667908,333.36237,216.06647,11.582261,150.523,211.37425,-36.330025,319.9882,215.70912,1.7078934,163.21814,214.26096,-40.785915,311.95895,208.21332,12.023297,168.8904,208.47809,-27.597382,258.9786,73.771324,6.2455053,203.18271,77.76751,-6.1781335,252.31738,74.50399,199.85356,193.0846,75.56553,190.3939,239.8326,63.849728,409.94135,193.65997,59.778786,390.89322,239.21199,56.868282,436.05798,195.17555,52.130955,415.24872,228.65483,86.89786,482.90564,193.79294,79.52082,457.1349
push up_3700091.jpg,243.2563,225.5919,-91.43489,249.48366,232.39513,-114.80444,254.70314,231.39828,-114.84719,259.66684,230.26308,-114.90519,236.16939,233.58813,-117.68365,231.9855,233.61272,-117.72689,227.6014,233.55544,-117.7969,266.95395,221.6566,-155.64282,218.0311,221.82802,-168.72147,250.45012,211.90244,-96.10186,237.20845,213.54291,-99.723755,310.36566,150.41336,-137.39891,181.55515,152.19504,-138.52313,346.00143,109.104324,-52.664967,143.75903,107.38111,-42.351532,325.092,189.26797,11.436801,159.97441,192.38539,31.66676,334.53564,210.86105,12.917536,153.42198,210.39041,30.704,319.6056,212.54868,5.884449,163.84804,213.84044,23.408491,312.0734,204.45822,12.050077,172.35732,207.00177,31.091774,279.66693,64.26571,-1.3182349,208.74905,64.220695,1.4491084,273.31216,62.973934,184.12001,206.82881,64.87652,190.70818,250.2174,58.394436,386.7469,214.76418,54.833534,386.76263,242.13678,34.727814,411.61578,214.5822,32.78703,411.0711,244.24661,78.45617,464.1628,220.73607,70.19718,464.12317
push up_3700131.jpg,246.55763,219.1428,-95.357834,253.18134,224.89551,-119.54588,258.32584,224.13023,-119.59438,263.06973,223.28165,-119.673416,239.41411,225.94235,-122.57165,235.13551,226.02547,-122.611885,230.9216,226.13683,-122.67762,269.8782,213.54474,-164.6409,222.72105,216.12769,-178.5911,253.82758,207.23584,-101.9951,240.02325,208.8619,-105.897964,316.2501,143.98308,-150.56888,181.35458,143.93274,-153.02312,343.12842,115.58583,-48.528008,144.68019,109.96197,-61.879986,322.7667,194.45055,29.748697,160.6807,194.58014,-10.346537,332.32278,215.71921,30.63446,153.47824,211.73962,-18.919525,319.32852,216.85579,19.904089,163.5058,215.70299,-28.225018,310.6305,207.17383,29.289186,171.56938,207.71144,-12.932013,271.73785,69.82967,4.6003127,208.46756,73.752365,-4.5733247,269.51746,63.80258,200.92978,200.71129,76.29756,200.47655,238.69502,62.63187,402.75256,190.79999,60.32248,402.99454,224.72289,36.37254,427.56824,190.88135,51.154533,427.5265,226.38889,78.61018,473.27902,199.88475,73.13901,475.094
push up_3900021.jpg,241.58037,292.1666,-151.92116,247.3494,298.11188,-173.73642,251.91153,297.5617,-173.72176,256.55847,296.79764,-173.73767,236.73795,298.04306,-173.23595,233.66753,297.54935,-173.23544,230.61539,296.8934,-173.22758,262.5469,288.3501,-201.70493,222.65599,288.05917,-200.32257,247.58357,282.0782,-152.60089,235.77625,283.00156,-151.94112,296.0165,222.40034,-177.94797,181.99052,228.00725,-168.19978,323.95258,196.36858,-84.95061,149.36723,197.63284,-77.916275,305.70633,267.93042,5.560341,162.22823,274.41342,-5.0422673,313.1268,290.19394,6.4630113,156.14783,294.30176,-10.189125,300.57693,291.45862,-0.7707787,166.87766,295.01642,-16.154953,294.31418,281.8011,6.7875047,172.0385,286.6139,-5.165821,260.4705,111.08392,-7.338702,210.78731,113.16757,7.4786205,258.27872,66.36932,167.00537,220.14587,69.61853,179.02164,250.67224,17.649353,326.99323,226.83542,19.908375,343.4285,248.2729,7.7488804,346.3774,227.22653,11.521515,364.0193,254.04033,26.043215,380.05713,233.10226,38.36566,402.00446
push up_3900031.jpg,237.29292,344.78058,-74.75104,241.52046,355.08804,-100.222336,244.7201,354.91437,-100.219505,247.85216,354.64194,-100.25019,231.7702,353.52356,-99.255005,228.2583,352.3735,-99.269165,224.90213,351.3245,-99.27245,253.91982,342.87927,-150.89554,217.60883,340.6696,-147.67938,242.81854,331.91412,-84.573845,232.0176,332.46954,-83.40579,288.97876,277.03308,-136.3304,180.9683,273.76294,-133.69183,320.19162,199.25739,-67.158646,155.52519,199.24182,-68.42606,306.69818,269.66077,9.960542,167.21223,277.22174,-6.774075,313.8871,295.4102,14.42231,159.54654,300.77377,-5.7838,302.29242,297.97043,13.876639,169.59756,302.1086,-7.6089435,296.4446,287.62616,13.223653,176.37987,293.0774,-4.862563,262.2525,146.59808,-11.023568,215.53012,145.26567,11.2160635,252.64906,87.482025,134.51352,221.40958,84.132965,146.18349,251.06866,26.754873,256.55832,228.1244,21.631866,261.70422,250.97937,17.076948,271.08426,230.7563,13.380951,276.48395,257.1648,35.49504,299.25156,237.07307,32.509922,308.51935
push up_3900041.jpg,236.95607,355.82825,-42.43662,241.45517,364.12357,-72.55997,245.33307,362.87598,-72.55874,249.27907,361.8104,-72.57078,231.26549,364.53598,-69.506454,227.8959,363.79596,-69.51078,224.45126,362.9554,-69.51934,255.01837,351.55466,-140.114,217.13342,354.1181,-128.48433,242.78827,342.975,-57.91653,231.23946,344.04196,-54.203884,290.26447,285.36536,-134.49426,179.18254,281.89053,-119.09744,321.03656,198.94644,-64.22081,153.89545,205.53017,-56.696297,307.20538,270.95337,16.242071,162.97263,278.93753,-8.114409,313.63867,296.63718,21.742157,155.5909,302.49268,-6.5775385,301.88776,299.33813,22.683418,164.80258,304.6038,-8.810605,297.5187,290.7113,20.732216,171.88013,295.90305,-6.741619,264.41153,142.79727,-8.147527,216.11212,141.02832,8.39454,255.15822,87.115746,149.73784,221.71844,83.55606,153.03131,253.86812,28.282822,272.8045,229.83641,20.618988,283.36978,253.28584,19.075436,287.555,232.37862,12.169944,299.56516,254.0162,35.835682,320.14243,236.64075,35.952152,336.7798
push up_3900051.jpg,237.16664,348.3298,-51.51156,241.46295,356.4086,-80.89148,245.16194,355.78778,-80.884285,248.82323,355.02148,-80.88751,230.81122,355.7059,-78.523,227.12283,354.79303,-78.517876,223.50711,354.008,-78.51791,255.28368,344.1065,-146.59686,215.88359,343.88013,-137.93138,243.60992,336.0812,-66.09345,231.06287,335.9081,-63.19494,291.0466,275.96686,-139.87173,180.29166,272.27817,-124.885796,321.7214,198.36931,-64.33423,153.13365,201.86394,-44.37319,305.9715,269.2296,13.795809,165.70418,275.95978,21.72928,313.03485,295.10342,17.142105,157.6407,298.9705,23.387966,299.8035,298.00574,15.551523,168.25035,301.42648,18.000397,294.6868,288.66913,16.672152,175.71198,292.53464,22.152142,263.83496,139.15361,-12.034548,214.79424,137.40968,12.309574,256.79834,84.627335,145.18459,222.48279,82.492004,156.49138,252.07472,25.379646,269.29932,227.42572,21.355936,289.91013,250.68636,16.10092,284.19025,229.31363,12.029911,306.52716,253.83287,31.462778,319.91504,236.57779,31.05687,348.52246
push up_3900111.jpg,237.2983,337.8956,-87.204605,242.47496,348.33957,-109.60158,245.77437,348.36514,-109.60574,249.00912,348.19263,-109.6269,232.63739,346.01633,-109.47509,229.06708,344.7735,-109.47193,225.58017,343.65555,-109.458435,254.31184,337.54282,-149.31097,217.92383,335.22974,-149.75273,242.56233,326.14645,-93.651955,230.50095,326.56512,-93.527756,288.9445,273.65686,-133.44801,181.44875,268.02945,-131.61452,321.75577,195.71469,-65.00502,154.61014,200.12051,-64.1202,306.5403,269.3607,3.7835832,167.32217,278.24237,1.7946379,315.04706,295.42773,6.8605347,159.1926,299.60074,1.6235541,302.2512,298.108,4.6671667,169.88501,300.76392,-0.2271623,294.8172,287.16458,6.232275,176.36478,292.27002,3.714083,261.6828,144.9539,-8.713693,213.45894,144.8171,8.914126,254.61806,86.4103,130.58154,222.86894,85.730804,135.00085,252.08058,31.799997,245.18343,226.94548,27.160494,236.44847,249.26036,20.471155,258.44052,228.51396,18.607782,249.37071,250.77501,49.993164,284.20706,234.99408,37.373215,278.8484
push up_3900121.jpg,234.5597,351.68283,-55.736126,239.25844,360.55725,-83.75915,242.8365,359.95154,-83.75374,246.37906,359.30176,-83.769966,229.42004,359.71246,-82.02813,226.13766,358.72525,-82.01561,222.96614,357.9302,-82.01154,252.2,347.86627,-144.22235,217.03267,348.69888,-137.98643,240.04794,339.02603,-68.87981,228.66159,339.72302,-66.75552,289.63852,281.3797,-136.8945,178.54146,278.77924,-125.91023,319.46835,197.9447,-68.6719,153.9928,204.2648,-65.36852,307.1795,270.79865,3.9446697,163.42055,282.0039,-17.649158,314.75125,298.18417,7.2198505,155.78525,304.62656,-17.064651,302.75403,300.64584,6.765934,165.52748,306.14767,-19.504023,296.29987,289.8118,7.1859517,172.66486,297.54718,-16.34477,261.48868,144.97603,-10.236911,213.5249,144.40695,10.48777,255.13622,86.51834,136.86655,221.30504,86.10901,147.54115,250.28653,26.438412,252.84796,226.86816,21.92774,268.26114,248.91318,16.42927,266.69003,227.788,12.761897,283.52957,251.63998,37.637497,296.00677,233.79863,36.084846,318.06296
push up_3900131.jpg,235.7567,319.20605,-159.71259,241.06361,327.6445,-179.75662,244.85233,327.36053,-179.75635,248.65717,326.6974,-179.79398,231.31863,326.40527,-180.64961,228.28482,325.65237,-180.64963,225.28242,325.02505,-180.61604,256.30035,312.59116,-200.62628,217.42516,315.0238,-205.29921,241.2839,307.64938,-157.90886,229.70848,307.55405,-159.065,289.7258,251.83664,-174.26889,180.13077,251.79935,-162.4243,324.03998,200.258,-79.91023,148.80693,196.99838,-76.219345,303.9694,270.48004,14.309151,166.88203,273.11496,6.204364,312.06927,294.68173,19.748922,159.15472,294.76328,5.1511827,300.0788,296.1835,14.457785,168.37666,297.2727,3.2721727,291.7881,283.57275,16.738062,174.08246,288.14868,8.270939,258.4436,137.89238,-5.991375,211.14925,137.10155,6.0843067,256.41962,79.62482,138.80058,222.13919,81.54471,147.78842,250.41956,22.449425,283.3007,228.96706,21.670147,288.90015,248.75533,13.37888,300.5428,229.4146,14.492201,306.3183,248.29802,36.255917,323.47955,231.26244,37.249474,331.9901
push up_4100021.jpg,152.35689,263.84683,-236.12804,147.33058,257.54242,-246.78769,148.5322,255.31714,-246.76863,150.06671,252.09874,-246.85141,144.30072,261.00137,-233.93045,143.46608,261.10464,-233.98694,142.58939,261.05118,-234.01295,155.11655,236.59753,-249.3424,145.53455,247.3977,-192.78026,161.42696,257.8415,-231.93027,158.25128,262.5785,-215.51765,208.10867,210.1674,-222.78842,158.5661,230.94818,-132.73277,276.91254,224.14702,-224.79794,166.44394,249.1145,-37.469147,279.19968,282.85815,-222.80278,154.51845,281.8624,-10.371957,281.24347,293.4279,-246.25471,144.72655,287.09232,-14.742687,271.32565,295.22696,-246.72166,146.76747,286.02744,-27.499716,268.99548,291.60043,-223.45201,151.49142,283.45016,-14.971138,256.32642,234.66106,-31.365803,228.68222,244.48616,31.331095,276.66336,268.4256,98.75369,252.89946,266.8061,154.23611,301.2426,253.9587,232.10693,290.2813,261.31555,294.57623,311.60718,250.23422,246.3396,298.50003,254.63916,309.90942,305.70355,279.44156,239.35446,295.34918,281.35406,306.7156
push up_4100031.jpg,142.54794,287.29263,-231.86629,137.34584,281.01096,-243.19038,138.89565,278.2989,-243.18015,140.39719,276.73892,-243.27386,134.30336,282.0049,-232.86125,133.20256,281.3703,-232.92134,132.27489,280.70444,-232.93776,150.97752,255.36894,-250.09486,135.1281,269.53836,-206.08702,153.02228,281.51907,-228.9742,149.99104,284.44748,-216.23364,201.94083,243.9138,-219.61664,148.46594,237.40672,-152.79492,264.4635,224.89894,-207.82117,148.64745,237.2175,-42.318848,271.56836,284.40225,-188.02426,141.67612,265.06314,20.53226,273.51123,295.12378,-204.51772,133.4903,270.41684,20.48065,264.78485,295.9146,-204.56224,139.26183,273.58704,7.9985814,261.6998,292.36005,-187.74413,146.0031,272.0909,17.175642,250.6077,244.33173,-28.67919,223.71068,244.60971,28.65835,283.954,267.41306,107.12949,259.3624,260.28058,154.33061,304.00385,254.93509,230.58322,293.24515,253.79343,283.8932,311.21716,252.41168,244.20728,300.79593,247.81212,298.18033,308.22986,279.41425,244.71487,298.74213,269.18384,303.42538
push up_4100041.jpg,138.60751,276.80817,-255.38531,132.65991,270.88797,-266.3096,133.95982,268.0002,-266.2802,135.3668,265.43176,-266.36087,129.87079,273.32782,-255.51349,128.85402,273.18488,-255.56903,127.76155,273.36914,-255.57541,144.40625,245.73929,-268.54767,130.55394,261.17557,-222.74084,149.57669,269.47604,-250.56802,146.0668,274.83368,-237.28957,199.11346,234.6949,-235.55696,141.09709,240.34157,-157.78151,262.69843,219.60031,-223.58435,150.86343,245.84402,-44.429195,268.49902,282.8553,-198.03714,148.6522,276.56833,12.214266,270.3337,292.37396,-214.59216,139.73459,281.9004,12.687871,259.96054,294.76163,-214.20486,142.59785,281.26703,-0.67721915,258.88815,291.61224,-197.44638,153.96124,280.9346,8.371751,248.10088,238.56026,-29.225718,219.77266,243.95164,29.237976,281.31937,271.2289,99.910645,255.52835,265.38684,149.42564,305.22043,257.69824,220.98419,294.15424,255.90501,277.10303,312.9718,250.6403,234.2078,301.89447,249.19307,290.99084,307.60977,280.93845,234.4028,299.89,279.64832,295.90448
push up_4100101.jpg,108.23268,281.21198,-221.46985,100.32957,275.06107,-231.91284,101.46567,271.92712,-231.92714,107.983635,262.94156,-232.01576,98.42501,278.70892,-218.68265,97.949394,278.9362,-218.72914,97.46411,279.03918,-218.76408,109.04311,253.77812,-238.15607,102.88464,265.2531,-179.39589,122.01511,269.42883,-218.87912,118.21042,270.02728,-201.97305,162.73758,234.93591,-212.37558,121.824844,244.92409,-113.66146,223.53673,216.47684,-215.51422,149.03609,248.23288,-14.034422,227.94334,281.404,-215.07176,144.55984,270.85904,43.66452,225.05019,291.91797,-233.98317,132.9708,274.79233,50.72257,218.78804,291.84473,-224.4083,132.64186,276.59186,39.342346,219.5043,288.8963,-211.06595,136.5043,274.6784,40.960953,231.64018,246.65779,-36.107395,210.08385,251.50192,36.03889,271.2684,263.61295,96.3611,252.93555,268.0888,167.09528,295.08453,255.26982,224.80014,279.44754,261.35538,302.20645,300.5648,249.44093,236.98927,286.64572,256.63037,316.83624,295.3971,277.80292,216.32762,279.35803,279.15445,313.1668
push up_4900051.jpg,255.59192,298.64514,-226.01003,267.8123,297.91714,-245.2737,268.75208,297.3601,-245.32365,271.5602,297.287,-245.418,262.72424,301.7268,-246.90082,258.79926,300.76035,-246.89539,249.03368,299.77936,-246.89804,265.3805,284.98322,-263.50772,239.9265,294.96094,-269.68747,253.83836,293.8539,-222.35167,246.4363,296.75592,-224.18343,270.93832,255.43419,-221.54408,198.20505,288.90244,-234.17355,290.27286,242.27864,-146.31085,154.02484,310.49405,-178.1755,309.3595,303.1117,-114.33188,142.7797,334.87848,-182.7746,315.04907,314.37634,-131.63544,139.76257,345.60748,-210.85982,308.74207,316.35767,-146.86896,149.7661,343.85165,-211.49225,300.92288,310.4295,-119.98317,152.96497,339.33493,-183.83545,214.90804,237.63132,3.9893434,188.46541,251.32869,-3.972711,199.51244,249.68079,165.24365,169.0447,272.155,171.28621,177.76172,231.07834,385.6544,153.40651,250.94992,379.5054,171.60788,224.84941,412.72235,146.06552,245.11009,402.5766,181.37943,235.85252,434.07977,159.48358,256.31454,415.25052
push up_4900121.jpg,277.89682,338.61377,-272.7378,285.32346,331.97058,-288.41165,289.10367,330.59363,-288.51962,292.14334,328.80704,-288.67767,275.0681,333.17035,-294.9616,271.37265,332.58258,-295.03992,267.2691,331.6742,-295.09525,293.9405,315.9975,-285.8821,256.77774,320.3358,-312.66687,276.66348,334.53336,-261.54117,265.5847,335.56247,-269.28793,301.13318,271.42697,-232.32808,187.1785,289.08206,-266.53955,338.27118,243.13617,-102.813866,123.90338,262.2239,-193.76971,325.11243,319.28513,-47.447132,137.78983,351.90497,-176.45016,331.62207,333.79346,-61.71681,138.33192,365.57394,-203.42793,324.1175,333.33722,-80.74144,148.47069,365.03406,-209.30023,317.87894,327.8499,-52.732346,152.03802,358.14606,-179.53754,214.73338,223.1166,26.335579,170.71059,229.81831,-26.257301,176.07631,243.60446,261.79315,136.65689,241.85715,242.11742,148.99942,222.32336,551.8998,113.22977,220.19653,502.93607,143.15288,212.6275,586.5942,110.1289,209.68416,533.0488,142.18016,247.52376,611.02997,116.22317,252.11104,542.55133
push up_4900131.jpg,273.8789,312.98145,-320.52277,279.54172,309.00824,-332.36166,282.7238,308.22812,-332.4325,287.5604,307.9232,-332.54935,269.8258,307.41147,-339.63516,266.95923,306.21356,-339.70126,263.3694,304.20236,-339.75287,294.53836,292.01498,-311.1924,254.02359,292.81332,-342.04175,273.77954,310.43582,-303.08908,262.78622,308.65384,-312.0295,302.95648,248.9408,-243.25192,183.92159,265.6559,-291.37555,338.3142,261.1056,-127.89018,133.53627,273.10544,-228.67015,327.08124,323.64764,-83.294136,151.19814,317.06567,-213.96378,334.2426,338.21857,-102.8208,146.82065,328.8035,-246.16104,326.6534,336.85254,-120.11691,162.68701,329.43878,-255.36745,321.99728,330.74417,-89.23543,167.22241,323.89737,-219.12556,216.51196,210.35048,32.626183,167.34901,214.49164,-32.545357,179.50508,239.20573,261.578,125.89116,241.14323,215.42328,155.92744,209.4651,547.30176,98.222885,225.38817,474.14438,150.44612,198.2195,580.607,90.64035,212.67804,503.50092,151.92496,233.97939,597.06995,100.67281,260.2584,502.3235
push up_5000041.jpg,55.475864,273.26602,16.108774,52.629948,266.8351,1.8472096,53.102245,266.02103,1.816663,53.6162,265.1205,1.8229166,52.321617,267.0949,23.412836,52.57992,266.50516,23.40506,52.90236,265.84814,23.355513,60.37133,259.26797,-33.82194,59.587814,259.93903,60.859085,62.495354,274.53378,5.0434155,62.16535,274.9993,32.729115,91.31335,253.26662,-90.66786,105.613976,243.048,123.84397,114.47243,259.13464,-172.60213,138.38297,250.99002,188.54198,96.58791,308.33328,-225.48978,133.0055,289.80792,220.38728,82.77809,313.53754,-247.77109,127.32133,290.50345,234.31706,81.005875,311.56183,-230.51767,125.65999,291.74658,218.67018,86.531,309.78024,-219.00581,126.50124,292.12152,214.38045,200.33109,252.43903,-65.57554,202.65508,245.6694,65.59962,281.05133,264.18546,-80.47743,280.08206,262.89087,63.827736,367.6728,267.30557,-89.241806,357.57,266.29773,71.00389,383.79657,261.6195,-91.773766,372.7472,261.88562,69.39411,366.18536,304.23416,-136.42633,360.74133,299.48755,39.382484
push up_5000051.jpg,59.009815,257.84338,8.325346,54.229187,250.46594,-5.6179986,54.801376,249.57857,-5.6668463,55.353783,248.61249,-5.6653686,53.558678,250.8326,15.16494,53.701572,250.26924,15.147443,53.905663,249.6125,15.104985,62.36252,243.15222,-39.39062,61.098503,243.99155,52.24312,66.716705,258.88834,-2.1685615,66.36568,259.5316,24.721771,95.46394,239.64111,-93.77713,108.30018,233.69978,109.38357,111.320786,268.4023,-152.33232,142.28552,257.2606,156.7611,102.653336,309.70563,-180.44026,131.89842,293.89227,159.02682,91.587814,313.4081,-203.08167,124.34637,293.13132,165.43144,89.55618,311.32715,-190.84154,122.62356,293.63898,145.7932,93.96909,309.816,-175.83026,124.54734,294.5564,150.37291,203.63417,245.22424,-61.448643,205.91173,237.76796,61.510284,284.22406,261.11722,-71.463455,283.67282,256.4833,62.626225,370.79434,267.14334,-72.38716,360.26517,262.89673,72.17871,386.311,262.87106,-74.6084,377.2535,258.40146,70.79653,364.79813,304.26385,-118.154655,359.42465,296.08786,38.789318
push up_5000101.jpg,59.807167,259.8933,3.3121588,55.631374,254.2062,-10.157783,55.788074,253.48154,-10.19961,55.96487,252.7367,-10.196652,55.710484,254.31696,10.92308,55.975327,253.71922,10.909142,56.26834,253.11107,10.867528,60.987755,248.07616,-42.297417,61.202187,248.65373,50.894,66.38273,259.9258,-6.685027,66.3627,259.92136,20.648209,94.946655,240.63687,-97.30015,110.190575,235.38112,112.94324,116.020294,256.80347,-170.92192,142.73245,256.28305,160.69962,101.55878,308.1932,-210.10349,130.95111,292.22437,166.8211,88.60032,311.48352,-232.63455,124.16411,291.73242,175.93512,85.732925,309.266,-216.22025,122.101906,293.0874,159.1208,90.08187,308.0141,-203.71556,123.128586,293.98248,159.49846,203.48816,236.89612,-62.619503,205.19525,235.01688,62.705757,283.15698,256.41183,-71.137825,284.05585,254.8694,54.47089,366.23288,266.4438,-66.248924,361.105,264.40527,58.67373,384.63998,261.89526,-67.94823,376.69705,260.00067,56.22571,366.50534,303.27942,-115.0991,364.08496,300.31073,17.332447
push up_5000111.jpg,58.936485,271.47223,18.845402,54.060402,265.79654,4.7965374,54.19411,265.19128,4.7624736,54.325447,264.57257,4.7673545,54.159794,265.39755,25.596924,54.44794,264.56384,25.585863,54.751312,263.7001,25.535154,60.093914,259.55664,-30.773003,60.3594,257.91898,60.613655,65.67381,271.42517,7.814785,66.58254,271.12817,34.585487,91.32885,253.7169,-89.23925,106.20078,240.06975,121.96448,117.241806,258.5751,-167.04454,139.11678,246.9657,191.40977,102.76728,309.27087,-219.79321,139.02832,289.59113,227.09502,87.75829,314.39188,-242.28568,130.44794,289.5624,241.14127,86.66351,311.23346,-226.05052,128.57594,290.78903,223.56412,92.42784,309.32257,-213.53847,131.39185,291.2933,220.46512,198.95552,253.0754,-65.21226,201.76169,244.84273,65.24728,280.5882,267.03564,-86.506195,279.28268,264.61725,70.44258,366.39178,267.04108,-103.786446,354.31445,266.61847,81.19459,382.54944,260.94406,-106.9153,370.36768,261.58847,80.12455,365.315,304.2086,-151.03941,358.9372,298.54453,51.82811
push up_900051.jpg,116.177155,291.45648,47.149666,107.56557,288.97803,29.346104,107.30035,288.26227,29.326252,106.97419,287.44907,29.33514,107.85102,288.50668,50.873676,107.826546,287.44495,50.854237,107.68826,286.2617,50.7979,109.18005,278.3023,-14.736493,109.88391,276.33908,80.405304,123.01364,288.17078,34.698574,123.73677,287.84323,62.643093,138.07039,273.65533,-60.135284,155.75076,237.10399,135.48376,175.69919,300.27246,-133.17516,194.95056,254.4973,201.54655,168.74208,322.78445,-177.7642,185.35077,292.14148,260.853,158.98366,325.19556,-195.47404,172.50438,291.65417,279.42825,157.5004,318.18637,-179.6934,170.50493,297.4444,266.3232,160.50938,316.5897,-171.75928,175.20673,299.4494,257.27338,260.1007,274.91235,-60.62147,261.7375,243.23238,60.70251,351.35867,286.32214,-74.20791,344.20172,259.5342,71.93382,437.41653,287.8423,-94.82695,425.80472,272.1191,87.6113,453.9292,281.02524,-97.616104,444.75156,269.45288,87.70817,432.55405,325.57053,-127.5106,421.34897,306.15192,63.693817
push up_900061.jpg,116.21364,285.69617,55.61742,107.76375,282.96463,36.416992,107.45984,282.1943,36.395554,107.07555,281.3494,36.40471,108.09218,282.60922,57.819237,108.04815,281.627,57.80167,107.88623,280.53198,57.735836,109.1587,271.0765,-11.869803,109.80441,269.59976,82.193375,123.20961,282.1427,42.159637,124.12299,281.75223,69.71853,136.99118,267.43024,-54.405807,155.5311,231.26312,138.40388,177.41776,298.08496,-85.44104,191.21664,255.55824,201.31598,169.81459,329.1196,-61.833958,183.15205,294.40366,250.2408,159.42229,329.8936,-70.79857,171.11014,298.7399,266.2849,157.80827,322.2233,-59.959595,167.49722,300.73645,253.02509,160.85574,320.7745,-55.666252,171.86842,300.28055,246.24286,259.96527,266.3619,-63.850292,261.5914,235.84064,63.957867,350.9087,282.4326,-92.88786,346.95468,256.72922,94.78706,438.01608,286.83954,-132.0102,427.11072,271.38715,121.56426,455.0112,281.6954,-137.22662,446.32166,269.66553,123.200165,433.20465,325.7537,-170.13806,421.4248,305.23492,105.72137
push up_g1.jpg,142.85352,540.77423,-341.22696,126.03929,523.2357,-383.74835,127.888405,520.8133,-383.88235,129.69743,518.0385,-384.10114,123.95647,521.7757,-332.0064,124.58307,518.0652,-332.06097,125.17175,513.7373,-332.2028,156.4727,479.85086,-473.56808,148.312,475.5046,-249.1451,171.50363,537.7736,-363.6157,169.87367,535.9876,-298.3145,337.08032,448.306,-475.4312,266.64072,386.0119,-56.449207,554.3376,430.9807,-410.12997,400.84442,416.24667,192.54198,513.868,601.41394,-329.56146,346.36368,514.11975,362.3622,482.36197,627.3092,-372.10156,294.0392,527.8885,377.0811,460.49603,617.6315,-355.21603,293.69775,532.8098,341.52255,468.5654,609.4276,-320.79312,312.67044,528.4441,350.45734,642.4672,424.99918,-132.4518,613.60986,398.1242,132.61476,893.7673,440.34875,134.77446,855.61066,442.19937,361.23773,1083.3711,427.1194,413.7673,1034.9595,422.56302,643.03143,1127.1143,403.52704,437.63,1067.2133,406.07874,670.8418,1093.2102,521.80255,352.5267,1053.4038,503.01044,626.8001
push up_g11.jpg,676.7086,254.77698,42.8687,686.2835,241.8699,53.264275,686.1511,239.5067,53.243324,686.0623,237.08298,53.230606,686.4333,243.35196,10.53349,686.4106,242.22993,10.488478,686.3783,241.02188,10.483194,675.67487,221.77982,112.55721,676.48425,230.02032,-76.752235,663.3466,253.93251,71.88037,664.2924,255.41591,17.083042,594.8633,175.46948,214.38329,612.79504,230.43439,-191.22379,504.28113,145.68369,263.04416,505.98505,220.4666,-179.13295,529.7147,204.80316,223.51425,538.8521,274.72763,-13.871197,540.7051,215.34299,224.26457,560.2542,289.37488,-13.605888,546.0156,219.55118,201.6569,566.5259,285.99112,-1.2302915,543.0804,219.92918,209.88033,561.16644,279.81232,-1.2769244,411.2833,181.61604,139.66037,406.10504,218.56654,-139.48459,277.22607,195.92363,265.67615,264.58624,214.0883,-143.7793,144.6814,182.29263,386.4766,108.16081,203.74876,-189.25122,120.88764,167.54018,394.26904,71.8037,188.2942,-197.3034,131.34114,244.43622,391.09833,101.6493,266.8141,-256.99097
